ImageNumber,ObjectNumber,Metadata_Channel,Metadata_FileLocation,Metadata_Frame,Metadata_Series,Metadata_compound,Metadata_concentration,Metadata_imageBaseName,Metadata_pathBase,Metadata_plateName,Metadata_platePath,Metadata_posNum,Metadata_posPath,Metadata_timeNum,Metadata_wellNum,Metadata_wellNum,Metadata_wellPath,AreaShape_Center_X,AreaShape_Center_Y,Math_area_micronsq,TrackObjects_Label_4
155,1,00,file:///C:/FIS/demo_dataset/03-images_renamed/demoplate_01/W0031--fsk_770_809--0.02/P001--fsk_770_809--0.02/demoplate_01--fsk_770_809--0.02--W0031--P001--T0000--C00.tif,0,0,fsk_770_809,0.02,demoplate_01--fsk_770_809--0.02--W0031--P001--T0000,C:\FIS\demo_dataset\03-images_renamed,demoplate_01,demoplate_01,001,P001--fsk_770_809--0.02,0000,0031,0031,W0031--fsk_770_809--0.02,15.0,24.0,4583.454904,1.0
155,2,00,file:///C:/FIS/demo_dataset/03-images_renamed/demoplate_01/W0031--fsk_770_809--0.02/P001--fsk_770_809--0.02/demoplate_01--fsk_770_809--0.02--W0031--P001--T0000--C00.tif,0,0,fsk_770_809,0.02,demoplate_01--fsk_770_809--0.02--W0031--P001--T0000,C:\FIS\demo_dataset\03-images_renamed,demoplate_01,demoplate_01,001,P001--fsk_770_809--0.02,0000,0031,0031,W0031--fsk_770_809--0.02,157.0,104.0,12106.299366000001,2.0
155,3,00,file:///C:/FIS/demo_dataset/03-images_renamed/demoplate_01/W0031--fsk_770_809--0.02/P001--fsk_770_809--0.02/demoplate_01--fsk_770_809--0.02--W0031--P001--T0000--C00.tif,0,0,fsk_770_809,0.02,demoplate_01--fsk_770_809--0.02--W0031--P001--T0000,C:\FIS\demo_dataset\03-images_renamed,demoplate_01,demoplate_01,001,P001--fsk_770_809--0.02,0000,0031,0031,W0031--fsk_770_809--0.02,220.0,163.0,6750.631951,3.0
155,4,00,file:///C:/FIS/demo_dataset/03-images_renamed/demoplate_01/W0031--fsk_770_809--0.02/P001--fsk_770_809--0.02/demoplate_01--fsk_770_809--0.02--W0031--P001--T0000--C00.tif,0,0,fsk_770_809,0.02,demoplate_01--fsk_770_809--0.02--W0031--P001--T0000,C:\FIS\demo_dataset\03-images_renamed,demoplate_01,demoplate_01,001,P001--fsk_770_809--0.02,0000,0031,0031,W0031--fsk_770_809--0.02,141.0,165.0,1718.795589,4.0
155,5,00,file:///C:/FIS/demo_dataset/03-images_renamed/demoplate_01/W0031--fsk_770_809--0.02/P001--fsk_770_809--0.02/demoplate_01--fsk_770_809--0.02--W0031--P001--T0000--C00.tif,0,0,fsk_770_809,0.02,demoplate_01--fsk_770_809--0.02--W0031--P001--T0000,C:\FIS\demo_dataset\03-images_renamed,demoplate_01,demoplate_01,001,P001--fsk_770_809--0.02,0000,0031,0031,W0031--fsk_770_809--0.02,205.0,167.0,6003.329521000001,5.0
155,6,00,file:///C:/FIS/demo_dataset/03-images_renamed/demoplate_01/W0031--fsk_770_809--0.02/P001--fsk_770_809--0.02/demoplate_01--fsk_770_809--0.02--W0031--P001--T0000--C00.tif,0,0,fsk_770_809,0.02,demoplate_01--fsk_770_809--0.02--W0031--P001--T0000,C:\FIS\demo_dataset\03-images_renamed,demoplate_01,demoplate_01,001,P001--fsk_770_809--0.02,0000,0031,0031,W0031--fsk_770_809--0.02,71.0,170.0,3562.141583,nan
155,7,00,file:///C:/FIS/demo_dataset/03-images_renamed/demoplate_01/W0031--fsk_770_809--0.02/P001--fsk_770_809--0.02/demoplate_01--fsk_770_809--0.02--W0031--P001--T0000--C00.tif,0,0,fsk_770_809,0.02,demoplate_01--fsk_770_809--0.02--W0031--P001--T0000,C:\FIS\demo_dataset\03-images_renamed,demoplate_01,demoplate_01,001,P001--fsk_770_809--0.02,0000,0031,0031,W0031--fsk_770_809--0.02,115.0,178.0,622.752025,7.0
155,8,00,file:///C:/FIS/demo_dataset/03-images_renamed/demoplate_01/W0031--fsk_770_809--0.02/P001--fsk_770_809--0.02/demoplate_01--fsk_770_809--0.02--W0031--P001--T0000--C00.tif,0,0,fsk_770_809,0.02,demoplate_01--fsk_770_809--0.02--W0031--P001--T0000,C:\FIS\demo_dataset\03-images_renamed,demoplate_01,demoplate_01,001,P001--fsk_770_809--0.02,0000,0031,0031,W0031--fsk_770_809--0.02,61.0,179.0,3935.7927980000004,8.0
155,9,00,file:///C:/FIS/demo_dataset/03-images_renamed/demoplate_01/W0031--fsk_770_809--0.02/P001--fsk_770_809--0.02/demoplate_01--fsk_770_809--0.02--W0031--P001--T0000--C00.tif,0,0,fsk_770_809,0.02,demoplate_01--fsk_770_809--0.02--W0031--P001--T0000,C:\FIS\demo_dataset\03-images_renamed,demoplate_01,demoplate_01,001,P001--fsk_770_809--0.02,0000,0031,0031,W0031--fsk_770_809--0.02,128.0,180.0,6127.8799260000005,9.0
155,10,00,file:///C:/FIS/demo_dataset/03-images_renamed/demoplate_01/W0031--fsk_770_809--0.02/P001--fsk_770_809--0.02/demoplate_01--fsk_770_809--0.02--W0031--P001--T0000--C00.tif,0,0,fsk_770_809,0.02,demoplate_01--fsk_770_809--0.02--W0031--P001--T0000,C:\FIS\demo_dataset\03-images_renamed,demoplate_01,demoplate_01,001,P001--fsk_770_809--0.02,0000,0031,0031,W0031--fsk_770_809--0.02,79.0,190.0,4683.095228,10.0
155,11,00,file:///C:/FIS/demo_dataset/03-images_renamed/demoplate_01/W0031--fsk_770_809--0.02/P001--fsk_770_809--0.02/demoplate_01--fsk_770_809--0.02--W0031--P001--T0000--C00.tif,0,0,fsk_770_809,0.02,demoplate_01--fsk_770_809--0.02--W0031--P001--T0000,C:\FIS\demo_dataset\03-images_renamed,demoplate_01,demoplate_01,001,P001--fsk_770_809--0.02,0000,0031,0031,W0031--fsk_770_809--0.02,164.0,215.0,946.5830780000001,11.0
155,12,00,file:///C:/FIS/demo_dataset/03-images_renamed/demoplate_01/W0031--fsk_770_809--0.02/P001--fsk_770_809--0.02/demoplate_01--fsk_770_809--0.02--W0031--P001--T0000--C00.tif,0,0,fsk_770_809,0.02,demoplate_01--fsk_770_809--0.02--W0031--P001--T0000,C:\FIS\demo_dataset\03-images_renamed,demoplate_01,demoplate_01,001,P001--fsk_770_809--0.02,0000,0031,0031,W0031--fsk_770_809--0.02,16.0,221.0,1843.345994,12.0
155,13,00,file:///C:/FIS/demo_dataset/03-images_renamed/demoplate_01/W0031--fsk_770_809--0.02/P001--fsk_770_809--0.02/demoplate_01--fsk_770_809--0.02--W0031--P001--T0000--C00.tif,0,0,fsk_770_809,0.02,demoplate_01--fsk_770_809--0.02--W0031--P001--T0000,C:\FIS\demo_dataset\03-images_renamed,demoplate_01,demoplate_01,001,P001--fsk_770_809--0.02,0000,0031,0031,W0031--fsk_770_809--0.02,195.0,228.0,996.4032400000001,13.0
155,14,00,file:///C:/FIS/demo_dataset/03-images_renamed/demoplate_01/W0031--fsk_770_809--0.02/P001--fsk_770_809--0.02/demoplate_01--fsk_770_809--0.02--W0031--P001--T0000--C00.tif,0,0,fsk_770_809,0.02,demoplate_01--fsk_770_809--0.02--W0031--P001--T0000,C:\FIS\demo_dataset\03-images_renamed,demoplate_01,demoplate_01,001,P001--fsk_770_809--0.02,0000,0031,0031,W0031--fsk_770_809--0.02,92.0,239.0,996.4032400000001,14.0
155,15,00,file:///C:/FIS/demo_dataset/03-images_renamed/demoplate_01/W0031--fsk_770_809--0.02/P001--fsk_770_809--0.02/demoplate_01--fsk_770_809--0.02--W0031--P001--T0000--C00.tif,0,0,fsk_770_809,0.02,demoplate_01--fsk_770_809--0.02--W0031--P001--T0000,C:\FIS\demo_dataset\03-images_renamed,demoplate_01,demoplate_01,001,P001--fsk_770_809--0.02,0000,0031,0031,W0031--fsk_770_809--0.02,114.0,235.0,16889.034918,15.0
155,16,00,file:///C:/FIS/demo_dataset/03-images_renamed/demoplate_01/W0031--fsk_770_809--0.02/P001--fsk_770_809--0.02/demoplate_01--fsk_770_809--0.02--W0031--P001--T0000--C00.tif,0,0,fsk_770_809,0.02,demoplate_01--fsk_770_809--0.02--W0031--P001--T0000,C:\FIS\demo_dataset\03-images_renamed,demoplate_01,demoplate_01,001,P001--fsk_770_809--0.02,0000,0031,0031,W0031--fsk_770_809--0.02,170.0,236.0,597.841944,16.0
155,17,00,file:///C:/FIS/demo_dataset/03-images_renamed/demoplate_01/W0031--fsk_770_809--0.02/P001--fsk_770_809--0.02/demoplate_01--fsk_770_809--0.02--W0031--P001--T0000--C00.tif,0,0,fsk_770_809,0.02,demoplate_01--fsk_770_809--0.02--W0031--P001--T0000,C:\FIS\demo_dataset\03-images_renamed,demoplate_01,demoplate_01,001,P001--fsk_770_809--0.02,0000,0031,0031,W0031--fsk_770_809--0.02,75.0,246.0,12131.209447000001,17.0
155,18,00,file:///C:/FIS/demo_dataset/03-images_renamed/demoplate_01/W0031--fsk_770_809--0.02/P001--fsk_770_809--0.02/demoplate_01--fsk_770_809--0.02--W0031--P001--T0000--C00.tif,0,0,fsk_770_809,0.02,demoplate_01--fsk_770_809--0.02--W0031--P001--T0000,C:\FIS\demo_dataset\03-images_renamed,demoplate_01,demoplate_01,001,P001--fsk_770_809--0.02,0000,0031,0031,W0031--fsk_770_809--0.02,136.0,254.0,17237.776052,18.0
155,19,00,file:///C:/FIS/demo_dataset/03-images_renamed/demoplate_01/W0031--fsk_770_809--0.02/P001--fsk_770_809--0.02/demoplate_01--fsk_770_809--0.02--W0031--P001--T0000--C00.tif,0,0,fsk_770_809,0.02,demoplate_01--fsk_770_809--0.02--W0031--P001--T0000,C:\FIS\demo_dataset\03-images_renamed,demoplate_01,demoplate_01,001,P001--fsk_770_809--0.02,0000,0031,0031,W0031--fsk_770_809--0.02,106.0,264.0,971.4931590000001,19.0
155,20,00,file:///C:/FIS/demo_dataset/03-images_renamed/demoplate_01/W0031--fsk_770_809--0.02/P001--fsk_770_809--0.02/demoplate_01--fsk_770_809--0.02--W0031--P001--T0000--C00.tif,0,0,fsk_770_809,0.02,demoplate_01--fsk_770_809--0.02--W0031--P001--T0000,C:\FIS\demo_dataset\03-images_renamed,demoplate_01,demoplate_01,001,P001--fsk_770_809--0.02,0000,0031,0031,W0031--fsk_770_809--0.02,202.0,269.0,4309.444013,20.0
155,21,00,file:///C:/FIS/demo_dataset/03-images_renamed/demoplate_01/W0031--fsk_770_809--0.02/P001--fsk_770_809--0.02/demoplate_01--fsk_770_809--0.02--W0031--P001--T0000--C00.tif,0,0,fsk_770_809,0.02,demoplate_01--fsk_770_809--0.02--W0031--P001--T0000,C:\FIS\demo_dataset\03-images_renamed,demoplate_01,demoplate_01,001,P001--fsk_770_809--0.02,0000,0031,0031,W0031--fsk_770_809--0.02,98.0,332.0,2366.457695,21.0
155,22,00,file:///C:/FIS/demo_dataset/03-images_renamed/demoplate_01/W0031--fsk_770_809--0.02/P001--fsk_770_809--0.02/demoplate_01--fsk_770_809--0.02--W0031--P001--T0000--C00.tif,0,0,fsk_770_809,0.02,demoplate_01--fsk_770_809--0.02--W0031--P001--T0000,C:\FIS\demo_dataset\03-images_renamed,demoplate_01,demoplate_01,001,P001--fsk_770_809--0.02,0000,0031,0031,W0031--fsk_770_809--0.02,28.0,356.0,1419.8746170000002,22.0
155,23,00,file:///C:/FIS/demo_dataset/03-images_renamed/demoplate_01/W0031--fsk_770_809--0.02/P001--fsk_770_809--0.02/demoplate_01--fsk_770_809--0.02--W0031--P001--T0000--C00.tif,0,0,fsk_770_809,0.02,demoplate_01--fsk_770_809--0.02--W0031--P001--T0000,C:\FIS\demo_dataset\03-images_renamed,demoplate_01,demoplate_01,001,P001--fsk_770_809--0.02,0000,0031,0031,W0031--fsk_770_809--0.02,92.0,375.0,9590.381185,23.0
155,24,00,file:///C:/FIS/demo_dataset/03-images_renamed/demoplate_01/W0031--fsk_770_809--0.02/P001--fsk_770_809--0.02/demoplate_01--fsk_770_809--0.02--W0031--P001--T0000--C00.tif,0,0,fsk_770_809,0.02,demoplate_01--fsk_770_809--0.02--W0031--P001--T0000,C:\FIS\demo_dataset\03-images_renamed,demoplate_01,demoplate_01,001,P001--fsk_770_809--0.02,0000,0031,0031,W0031--fsk_770_809--0.02,121.0,374.0,1245.50405,24.0
155,25,00,file:///C:/FIS/demo_dataset/03-images_renamed/demoplate_01/W0031--fsk_770_809--0.02/P001--fsk_770_809--0.02/demoplate_01--fsk_770_809--0.02--W0031--P001--T0000--C00.tif,0,0,fsk_770_809,0.02,demoplate_01--fsk_770_809--0.02--W0031--P001--T0000,C:\FIS\demo_dataset\03-images_renamed,demoplate_01,demoplate_01,001,P001--fsk_770_809--0.02,0000,0031,0031,W0031--fsk_770_809--0.02,35.0,380.0,5480.217820000001,25.0
155,26,00,file:///C:/FIS/demo_dataset/03-images_renamed/demoplate_01/W0031--fsk_770_809--0.02/P001--fsk_770_809--0.02/demoplate_01--fsk_770_809--0.02--W0031--P001--T0000--C00.tif,0,0,fsk_770_809,0.02,demoplate_01--fsk_770_809--0.02--W0031--P001--T0000,C:\FIS\demo_dataset\03-images_renamed,demoplate_01,demoplate_01,001,P001--fsk_770_809--0.02,0000,0031,0031,W0031--fsk_770_809--0.02,46.0,406.0,3686.691988,26.0
155,27,00,file:///C:/FIS/demo_dataset/03-images_renamed/demoplate_01/W0031--fsk_770_809--0.02/P001--fsk_770_809--0.02/demoplate_01--fsk_770_809--0.02--W0031--P001--T0000--C00.tif,0,0,fsk_770_809,0.02,demoplate_01--fsk_770_809--0.02--W0031--P001--T0000,C:\FIS\demo_dataset\03-images_renamed,demoplate_01,demoplate_01,001,P001--fsk_770_809--0.02,0000,0031,0031,W0031--fsk_770_809--0.02,7.0,424.0,1245.50405,27.0
155,28,00,file:///C:/FIS/demo_dataset/03-images_renamed/demoplate_01/W0031--fsk_770_809--0.02/P001--fsk_770_809--0.02/demoplate_01--fsk_770_809--0.02--W0031--P001--T0000--C00.tif,0,0,fsk_770_809,0.02,demoplate_01--fsk_770_809--0.02--W0031--P001--T0000,C:\FIS\demo_dataset\03-images_renamed,demoplate_01,demoplate_01,001,P001--fsk_770_809--0.02,0000,0031,0031,W0031--fsk_770_809--0.02,107.0,425.0,5878.779116000001,28.0
155,29,00,file:///C:/FIS/demo_dataset/03-images_renamed/demoplate_01/W0031--fsk_770_809--0.02/P001--fsk_770_809--0.02/demoplate_01--fsk_770_809--0.02--W0031--P001--T0000--C00.tif,0,0,fsk_770_809,0.02,demoplate_01--fsk_770_809--0.02--W0031--P001--T0000,C:\FIS\demo_dataset\03-images_renamed,demoplate_01,demoplate_01,001,P001--fsk_770_809--0.02,0000,0031,0031,W0031--fsk_770_809--0.02,123.0,424.0,3163.580287,29.0
155,30,00,file:///C:/FIS/demo_dataset/03-images_renamed/demoplate_01/W0031--fsk_770_809--0.02/P001--fsk_770_809--0.02/demoplate_01--fsk_770_809--0.02--W0031--P001--T0000--C00.tif,0,0,fsk_770_809,0.02,demoplate_01--fsk_770_809--0.02--W0031--P001--T0000,C:\FIS\demo_dataset\03-images_renamed,demoplate_01,demoplate_01,001,P001--fsk_770_809--0.02,0000,0031,0031,W0031--fsk_770_809--0.02,147.0,429.0,1170.773807,30.0
155,31,00,file:///C:/FIS/demo_dataset/03-images_renamed/demoplate_01/W0031--fsk_770_809--0.02/P001--fsk_770_809--0.02/demoplate_01--fsk_770_809--0.02--W0031--P001--T0000--C00.tif,0,0,fsk_770_809,0.02,demoplate_01--fsk_770_809--0.02--W0031--P001--T0000,C:\FIS\demo_dataset\03-images_renamed,demoplate_01,demoplate_01,001,P001--fsk_770_809--0.02,0000,0031,0031,W0031--fsk_770_809--0.02,93.0,441.0,10860.795316000002,31.0
155,32,00,file:///C:/FIS/demo_dataset/03-images_renamed/demoplate_01/W0031--fsk_770_809--0.02/P001--fsk_770_809--0.02/demoplate_01--fsk_770_809--0.02--W0031--P001--T0000--C00.tif,0,0,fsk_770_809,0.02,demoplate_01--fsk_770_809--0.02--W0031--P001--T0000,C:\FIS\demo_dataset\03-images_renamed,demoplate_01,demoplate_01,001,P001--fsk_770_809--0.02,0000,0031,0031,W0031--fsk_770_809--0.02,149.0,445.0,896.762916,32.0
155,33,00,file:///C:/FIS/demo_dataset/03-images_renamed/demoplate_01/W0031--fsk_770_809--0.02/P001--fsk_770_809--0.02/demoplate_01--fsk_770_809--0.02--W0031--P001--T0000--C00.tif,0,0,fsk_770_809,0.02,demoplate_01--fsk_770_809--0.02--W0031--P001--T0000,C:\FIS\demo_dataset\03-images_renamed,demoplate_01,demoplate_01,001,P001--fsk_770_809--0.02,0000,0031,0031,W0031--fsk_770_809--0.02,34.0,472.0,1768.615751,33.0
155,34,00,file:///C:/FIS/demo_dataset/03-images_renamed/demoplate_01/W0031--fsk_770_809--0.02/P001--fsk_770_809--0.02/demoplate_01--fsk_770_809--0.02--W0031--P001--T0000--C00.tif,0,0,fsk_770_809,0.02,demoplate_01--fsk_770_809--0.02--W0031--P001--T0000,C:\FIS\demo_dataset\03-images_renamed,demoplate_01,demoplate_01,001,P001--fsk_770_809--0.02,0000,0031,0031,W0031--fsk_770_809--0.02,109.0,511.0,1345.1443740000002,34.0
156,1,00,file:///C:/FIS/demo_dataset/03-images_renamed/demoplate_01/W0031--fsk_770_809--0.02/P001--fsk_770_809--0.02/demoplate_01--fsk_770_809--0.02--W0031--P001--T0001--C00.tif,0,0,fsk_770_809,0.02,demoplate_01--fsk_770_809--0.02--W0031--P001--T0001,C:\FIS\demo_dataset\03-images_renamed,demoplate_01,demoplate_01,001,P001--fsk_770_809--0.02,0001,0031,0031,W0031--fsk_770_809--0.02,14.0,24.0,4583.454904,1.0
156,2,00,file:///C:/FIS/demo_dataset/03-images_renamed/demoplate_01/W0031--fsk_770_809--0.02/P001--fsk_770_809--0.02/demoplate_01--fsk_770_809--0.02--W0031--P001--T0001--C00.tif,0,0,fsk_770_809,0.02,demoplate_01--fsk_770_809--0.02--W0031--P001--T0001,C:\FIS\demo_dataset\03-images_renamed,demoplate_01,demoplate_01,001,P001--fsk_770_809--0.02,0001,0031,0031,W0031--fsk_770_809--0.02,156.0,102.0,11907.018718000001,2.0
156,3,00,file:///C:/FIS/demo_dataset/03-images_renamed/demoplate_01/W0031--fsk_770_809--0.02/P001--fsk_770_809--0.02/demoplate_01--fsk_770_809--0.02--W0031--P001--T0001--C00.tif,0,0,fsk_770_809,0.02,demoplate_01--fsk_770_809--0.02--W0031--P001--T0001,C:\FIS\demo_dataset\03-images_renamed,demoplate_01,demoplate_01,001,P001--fsk_770_809--0.02,0001,0031,0031,W0031--fsk_770_809--0.02,220.0,162.0,6675.901708,3.0
156,4,00,file:///C:/FIS/demo_dataset/03-images_renamed/demoplate_01/W0031--fsk_770_809--0.02/P001--fsk_770_809--0.02/demoplate_01--fsk_770_809--0.02--W0031--P001--T0001--C00.tif,0,0,fsk_770_809,0.02,demoplate_01--fsk_770_809--0.02--W0031--P001--T0001,C:\FIS\demo_dataset\03-images_renamed,demoplate_01,demoplate_01,001,P001--fsk_770_809--0.02,0001,0031,0031,W0031--fsk_770_809--0.02,141.0,165.0,1818.435913,4.0
156,5,00,file:///C:/FIS/demo_dataset/03-images_renamed/demoplate_01/W0031--fsk_770_809--0.02/P001--fsk_770_809--0.02/demoplate_01--fsk_770_809--0.02--W0031--P001--T0001--C00.tif,0,0,fsk_770_809,0.02,demoplate_01--fsk_770_809--0.02--W0031--P001--T0001,C:\FIS\demo_dataset\03-images_renamed,demoplate_01,demoplate_01,001,P001--fsk_770_809--0.02,0001,0031,0031,W0031--fsk_770_809--0.02,205.0,167.0,6102.9698450000005,5.0
156,6,00,file:///C:/FIS/demo_dataset/03-images_renamed/demoplate_01/W0031--fsk_770_809--0.02/P001--fsk_770_809--0.02/demoplate_01--fsk_770_809--0.02--W0031--P001--T0001--C00.tif,0,0,fsk_770_809,0.02,demoplate_01--fsk_770_809--0.02--W0031--P001--T0001,C:\FIS\demo_dataset\03-images_renamed,demoplate_01,demoplate_01,001,P001--fsk_770_809--0.02,0001,0031,0031,W0031--fsk_770_809--0.02,115.0,177.0,523.111701,7.0
156,7,00,file:///C:/FIS/demo_dataset/03-images_renamed/demoplate_01/W0031--fsk_770_809--0.02/P001--fsk_770_809--0.02/demoplate_01--fsk_770_809--0.02--W0031--P001--T0001--C00.tif,0,0,fsk_770_809,0.02,demoplate_01--fsk_770_809--0.02--W0031--P001--T0001,C:\FIS\demo_dataset\03-images_renamed,demoplate_01,demoplate_01,001,P001--fsk_770_809--0.02,0001,0031,0031,W0031--fsk_770_809--0.02,60.0,179.0,7124.283166,8.0
156,8,00,file:///C:/FIS/demo_dataset/03-images_renamed/demoplate_01/W0031--fsk_770_809--0.02/P001--fsk_770_809--0.02/demoplate_01--fsk_770_809--0.02--W0031--P001--T0001--C00.tif,0,0,fsk_770_809,0.02,demoplate_01--fsk_770_809--0.02--W0031--P001--T0001,C:\FIS\demo_dataset\03-images_renamed,demoplate_01,demoplate_01,001,P001--fsk_770_809--0.02,0001,0031,0031,W0031--fsk_770_809--0.02,128.0,181.0,6003.329521000001,9.0
156,9,00,file:///C:/FIS/demo_dataset/03-images_renamed/demoplate_01/W0031--fsk_770_809--0.02/P001--fsk_770_809--0.02/demoplate_01--fsk_770_809--0.02--W0031--P001--T0001--C00.tif,0,0,fsk_770_809,0.02,demoplate_01--fsk_770_809--0.02--W0031--P001--T0001,C:\FIS\demo_dataset\03-images_renamed,demoplate_01,demoplate_01,001,P001--fsk_770_809--0.02,0001,0031,0031,W0031--fsk_770_809--0.02,78.0,189.0,4608.364985,10.0
156,10,00,file:///C:/FIS/demo_dataset/03-images_renamed/demoplate_01/W0031--fsk_770_809--0.02/P001--fsk_770_809--0.02/demoplate_01--fsk_770_809--0.02--W0031--P001--T0001--C00.tif,0,0,fsk_770_809,0.02,demoplate_01--fsk_770_809--0.02--W0031--P001--T0001,C:\FIS\demo_dataset\03-images_renamed,demoplate_01,demoplate_01,001,P001--fsk_770_809--0.02,0001,0031,0031,W0031--fsk_770_809--0.02,164.0,215.0,971.4931590000001,11.0
156,11,00,file:///C:/FIS/demo_dataset/03-images_renamed/demoplate_01/W0031--fsk_770_809--0.02/P001--fsk_770_809--0.02/demoplate_01--fsk_770_809--0.02--W0031--P001--T0001--C00.tif,0,0,fsk_770_809,0.02,demoplate_01--fsk_770_809--0.02--W0031--P001--T0001,C:\FIS\demo_dataset\03-images_renamed,demoplate_01,demoplate_01,001,P001--fsk_770_809--0.02,0001,0031,0031,W0031--fsk_770_809--0.02,16.0,220.0,2017.7165610000002,12.0
156,12,00,file:///C:/FIS/demo_dataset/03-images_renamed/demoplate_01/W0031--fsk_770_809--0.02/P001--fsk_770_809--0.02/demoplate_01--fsk_770_809--0.02--W0031--P001--T0001--C00.tif,0,0,fsk_770_809,0.02,demoplate_01--fsk_770_809--0.02--W0031--P001--T0001,C:\FIS\demo_dataset\03-images_renamed,demoplate_01,demoplate_01,001,P001--fsk_770_809--0.02,0001,0031,0031,W0031--fsk_770_809--0.02,194.0,228.0,946.5830780000001,13.0
156,13,00,file:///C:/FIS/demo_dataset/03-images_renamed/demoplate_01/W0031--fsk_770_809--0.02/P001--fsk_770_809--0.02/demoplate_01--fsk_770_809--0.02--W0031--P001--T0001--C00.tif,0,0,fsk_770_809,0.02,demoplate_01--fsk_770_809--0.02--W0031--P001--T0001,C:\FIS\demo_dataset\03-images_renamed,demoplate_01,demoplate_01,001,P001--fsk_770_809--0.02,0001,0031,0031,W0031--fsk_770_809--0.02,114.0,234.0,16590.113946,15.0
156,14,00,file:///C:/FIS/demo_dataset/03-images_renamed/demoplate_01/W0031--fsk_770_809--0.02/P001--fsk_770_809--0.02/demoplate_01--fsk_770_809--0.02--W0031--P001--T0001--C00.tif,0,0,fsk_770_809,0.02,demoplate_01--fsk_770_809--0.02--W0031--P001--T0001,C:\FIS\demo_dataset\03-images_renamed,demoplate_01,demoplate_01,001,P001--fsk_770_809--0.02,0001,0031,0031,W0031--fsk_770_809--0.02,172.0,235.0,498.20162000000005,16.0
156,15,00,file:///C:/FIS/demo_dataset/03-images_renamed/demoplate_01/W0031--fsk_770_809--0.02/P001--fsk_770_809--0.02/demoplate_01--fsk_770_809--0.02--W0031--P001--T0001--C00.tif,0,0,fsk_770_809,0.02,demoplate_01--fsk_770_809--0.02--W0031--P001--T0001,C:\FIS\demo_dataset\03-images_renamed,demoplate_01,demoplate_01,001,P001--fsk_770_809--0.02,0001,0031,0031,W0031--fsk_770_809--0.02,91.0,236.0,946.5830780000001,14.0
156,16,00,file:///C:/FIS/demo_dataset/03-images_renamed/demoplate_01/W0031--fsk_770_809--0.02/P001--fsk_770_809--0.02/demoplate_01--fsk_770_809--0.02--W0031--P001--T0001--C00.tif,0,0,fsk_770_809,0.02,demoplate_01--fsk_770_809--0.02--W0031--P001--T0001,C:\FIS\demo_dataset\03-images_renamed,demoplate_01,demoplate_01,001,P001--fsk_770_809--0.02,0001,0031,0031,W0031--fsk_770_809--0.02,73.0,243.0,12031.569123000001,17.0
156,17,00,file:///C:/FIS/demo_dataset/03-images_renamed/demoplate_01/W0031--fsk_770_809--0.02/P001--fsk_770_809--0.02/demoplate_01--fsk_770_809--0.02--W0031--P001--T0001--C00.tif,0,0,fsk_770_809,0.02,demoplate_01--fsk_770_809--0.02--W0031--P001--T0001,C:\FIS\demo_dataset\03-images_renamed,demoplate_01,demoplate_01,001,P001--fsk_770_809--0.02,0001,0031,0031,W0031--fsk_770_809--0.02,126.0,253.0,6700.811789,18.0
156,18,00,file:///C:/FIS/demo_dataset/03-images_renamed/demoplate_01/W0031--fsk_770_809--0.02/P001--fsk_770_809--0.02/demoplate_01--fsk_770_809--0.02--W0031--P001--T0001--C00.tif,0,0,fsk_770_809,0.02,demoplate_01--fsk_770_809--0.02--W0031--P001--T0001,C:\FIS\demo_dataset\03-images_renamed,demoplate_01,demoplate_01,001,P001--fsk_770_809--0.02,0001,0031,0031,W0031--fsk_770_809--0.02,143.0,264.0,10686.424749000002,18.0
156,19,00,file:///C:/FIS/demo_dataset/03-images_renamed/demoplate_01/W0031--fsk_770_809--0.02/P001--fsk_770_809--0.02/demoplate_01--fsk_770_809--0.02--W0031--P001--T0001--C00.tif,0,0,fsk_770_809,0.02,demoplate_01--fsk_770_809--0.02--W0031--P001--T0001,C:\FIS\demo_dataset\03-images_renamed,demoplate_01,demoplate_01,001,P001--fsk_770_809--0.02,0001,0031,0031,W0031--fsk_770_809--0.02,105.0,263.0,971.4931590000001,19.0
156,20,00,file:///C:/FIS/demo_dataset/03-images_renamed/demoplate_01/W0031--fsk_770_809--0.02/P001--fsk_770_809--0.02/demoplate_01--fsk_770_809--0.02--W0031--P001--T0001--C00.tif,0,0,fsk_770_809,0.02,demoplate_01--fsk_770_809--0.02--W0031--P001--T0001,C:\FIS\demo_dataset\03-images_renamed,demoplate_01,demoplate_01,001,P001--fsk_770_809--0.02,0001,0031,0031,W0031--fsk_770_809--0.02,203.0,268.0,4284.533932,20.0
156,21,00,file:///C:/FIS/demo_dataset/03-images_renamed/demoplate_01/W0031--fsk_770_809--0.02/P001--fsk_770_809--0.02/demoplate_01--fsk_770_809--0.02--W0031--P001--T0001--C00.tif,0,0,fsk_770_809,0.02,demoplate_01--fsk_770_809--0.02--W0031--P001--T0001,C:\FIS\demo_dataset\03-images_renamed,demoplate_01,demoplate_01,001,P001--fsk_770_809--0.02,0001,0031,0031,W0031--fsk_770_809--0.02,96.0,331.0,2266.817371,21.0
156,22,00,file:///C:/FIS/demo_dataset/03-images_renamed/demoplate_01/W0031--fsk_770_809--0.02/P001--fsk_770_809--0.02/demoplate_01--fsk_770_809--0.02--W0031--P001--T0001--C00.tif,0,0,fsk_770_809,0.02,demoplate_01--fsk_770_809--0.02--W0031--P001--T0001,C:\FIS\demo_dataset\03-images_renamed,demoplate_01,demoplate_01,001,P001--fsk_770_809--0.02,0001,0031,0031,W0031--fsk_770_809--0.02,28.0,355.0,1444.7846980000002,22.0
156,23,00,file:///C:/FIS/demo_dataset/03-images_renamed/demoplate_01/W0031--fsk_770_809--0.02/P001--fsk_770_809--0.02/demoplate_01--fsk_770_809--0.02--W0031--P001--T0001--C00.tif,0,0,fsk_770_809,0.02,demoplate_01--fsk_770_809--0.02--W0031--P001--T0001,C:\FIS\demo_dataset\03-images_renamed,demoplate_01,demoplate_01,001,P001--fsk_770_809--0.02,0001,0031,0031,W0031--fsk_770_809--0.02,121.0,373.0,1320.234293,24.0
156,24,00,file:///C:/FIS/demo_dataset/03-images_renamed/demoplate_01/W0031--fsk_770_809--0.02/P001--fsk_770_809--0.02/demoplate_01--fsk_770_809--0.02--W0031--P001--T0001--C00.tif,0,0,fsk_770_809,0.02,demoplate_01--fsk_770_809--0.02--W0031--P001--T0001,C:\FIS\demo_dataset\03-images_renamed,demoplate_01,demoplate_01,001,P001--fsk_770_809--0.02,0001,0031,0031,W0031--fsk_770_809--0.02,91.0,374.0,9366.190456,23.0
156,25,00,file:///C:/FIS/demo_dataset/03-images_renamed/demoplate_01/W0031--fsk_770_809--0.02/P001--fsk_770_809--0.02/demoplate_01--fsk_770_809--0.02--W0031--P001--T0001--C00.tif,0,0,fsk_770_809,0.02,demoplate_01--fsk_770_809--0.02--W0031--P001--T0001,C:\FIS\demo_dataset\03-images_renamed,demoplate_01,demoplate_01,001,P001--fsk_770_809--0.02,0001,0031,0031,W0031--fsk_770_809--0.02,35.0,380.0,5355.667415000001,25.0
156,26,00,file:///C:/FIS/demo_dataset/03-images_renamed/demoplate_01/W0031--fsk_770_809--0.02/P001--fsk_770_809--0.02/demoplate_01--fsk_770_809--0.02--W0031--P001--T0001--C00.tif,0,0,fsk_770_809,0.02,demoplate_01--fsk_770_809--0.02--W0031--P001--T0001,C:\FIS\demo_dataset\03-images_renamed,demoplate_01,demoplate_01,001,P001--fsk_770_809--0.02,0001,0031,0031,W0031--fsk_770_809--0.02,48.0,406.0,3587.051664,26.0
156,27,00,file:///C:/FIS/demo_dataset/03-images_renamed/demoplate_01/W0031--fsk_770_809--0.02/P001--fsk_770_809--0.02/demoplate_01--fsk_770_809--0.02--W0031--P001--T0001--C00.tif,0,0,fsk_770_809,0.02,demoplate_01--fsk_770_809--0.02--W0031--P001--T0001,C:\FIS\demo_dataset\03-images_renamed,demoplate_01,demoplate_01,001,P001--fsk_770_809--0.02,0001,0031,0031,W0031--fsk_770_809--0.02,7.0,423.0,1295.324212,27.0
156,28,00,file:///C:/FIS/demo_dataset/03-images_renamed/demoplate_01/W0031--fsk_770_809--0.02/P001--fsk_770_809--0.02/demoplate_01--fsk_770_809--0.02--W0031--P001--T0001--C00.tif,0,0,fsk_770_809,0.02,demoplate_01--fsk_770_809--0.02--W0031--P001--T0001,C:\FIS\demo_dataset\03-images_renamed,demoplate_01,demoplate_01,001,P001--fsk_770_809--0.02,0001,0031,0031,W0031--fsk_770_809--0.02,123.0,424.0,3063.9399630000003,29.0
156,29,00,file:///C:/FIS/demo_dataset/03-images_renamed/demoplate_01/W0031--fsk_770_809--0.02/P001--fsk_770_809--0.02/demoplate_01--fsk_770_809--0.02--W0031--P001--T0001--C00.tif,0,0,fsk_770_809,0.02,demoplate_01--fsk_770_809--0.02--W0031--P001--T0001,C:\FIS\demo_dataset\03-images_renamed,demoplate_01,demoplate_01,001,P001--fsk_770_809--0.02,0001,0031,0031,W0031--fsk_770_809--0.02,107.0,425.0,5779.138792000001,28.0
156,30,00,file:///C:/FIS/demo_dataset/03-images_renamed/demoplate_01/W0031--fsk_770_809--0.02/P001--fsk_770_809--0.02/demoplate_01--fsk_770_809--0.02--W0031--P001--T0001--C00.tif,0,0,fsk_770_809,0.02,demoplate_01--fsk_770_809--0.02--W0031--P001--T0001,C:\FIS\demo_dataset\03-images_renamed,demoplate_01,demoplate_01,001,P001--fsk_770_809--0.02,0001,0031,0031,W0031--fsk_770_809--0.02,148.0,429.0,1120.953645,30.0
156,31,00,file:///C:/FIS/demo_dataset/03-images_renamed/demoplate_01/W0031--fsk_770_809--0.02/P001--fsk_770_809--0.02/demoplate_01--fsk_770_809--0.02--W0031--P001--T0001--C00.tif,0,0,fsk_770_809,0.02,demoplate_01--fsk_770_809--0.02--W0031--P001--T0001,C:\FIS\demo_dataset\03-images_renamed,demoplate_01,demoplate_01,001,P001--fsk_770_809--0.02,0001,0031,0031,W0031--fsk_770_809--0.02,93.0,440.0,11159.716288000001,31.0
156,32,00,file:///C:/FIS/demo_dataset/03-images_renamed/demoplate_01/W0031--fsk_770_809--0.02/P001--fsk_770_809--0.02/demoplate_01--fsk_770_809--0.02--W0031--P001--T0001--C00.tif,0,0,fsk_770_809,0.02,demoplate_01--fsk_770_809--0.02--W0031--P001--T0001,C:\FIS\demo_dataset\03-images_renamed,demoplate_01,demoplate_01,001,P001--fsk_770_809--0.02,0001,0031,0031,W0031--fsk_770_809--0.02,149.0,444.0,871.852835,32.0
156,33,00,file:///C:/FIS/demo_dataset/03-images_renamed/demoplate_01/W0031--fsk_770_809--0.02/P001--fsk_770_809--0.02/demoplate_01--fsk_770_809--0.02--W0031--P001--T0001--C00.tif,0,0,fsk_770_809,0.02,demoplate_01--fsk_770_809--0.02--W0031--P001--T0001,C:\FIS\demo_dataset\03-images_renamed,demoplate_01,demoplate_01,001,P001--fsk_770_809--0.02,0001,0031,0031,W0031--fsk_770_809--0.02,34.0,472.0,1793.525832,33.0
156,34,00,file:///C:/FIS/demo_dataset/03-images_renamed/demoplate_01/W0031--fsk_770_809--0.02/P001--fsk_770_809--0.02/demoplate_01--fsk_770_809--0.02--W0031--P001--T0001--C00.tif,0,0,fsk_770_809,0.02,demoplate_01--fsk_770_809--0.02--W0031--P001--T0001,C:\FIS\demo_dataset\03-images_renamed,demoplate_01,demoplate_01,001,P001--fsk_770_809--0.02,0001,0031,0031,W0031--fsk_770_809--0.02,109.0,511.0,1444.7846980000002,34.0
157,1,00,file:///C:/FIS/demo_dataset/03-images_renamed/demoplate_01/W0031--fsk_770_809--0.02/P001--fsk_770_809--0.02/demoplate_01--fsk_770_809--0.02--W0031--P001--T0002--C00.tif,0,0,fsk_770_809,0.02,demoplate_01--fsk_770_809--0.02--W0031--P001--T0002,C:\FIS\demo_dataset\03-images_renamed,demoplate_01,demoplate_01,001,P001--fsk_770_809--0.02,0002,0031,0031,W0031--fsk_770_809--0.02,14.0,23.0,4832.555714,1.0
157,2,00,file:///C:/FIS/demo_dataset/03-images_renamed/demoplate_01/W0031--fsk_770_809--0.02/P001--fsk_770_809--0.02/demoplate_01--fsk_770_809--0.02--W0031--P001--T0002--C00.tif,0,0,fsk_770_809,0.02,demoplate_01--fsk_770_809--0.02--W0031--P001--T0002,C:\FIS\demo_dataset\03-images_renamed,demoplate_01,demoplate_01,001,P001--fsk_770_809--0.02,0002,0031,0031,W0031--fsk_770_809--0.02,156.0,103.0,11931.928799000001,2.0
157,3,00,file:///C:/FIS/demo_dataset/03-images_renamed/demoplate_01/W0031--fsk_770_809--0.02/P001--fsk_770_809--0.02/demoplate_01--fsk_770_809--0.02--W0031--P001--T0002--C00.tif,0,0,fsk_770_809,0.02,demoplate_01--fsk_770_809--0.02--W0031--P001--T0002,C:\FIS\demo_dataset\03-images_renamed,demoplate_01,demoplate_01,001,P001--fsk_770_809--0.02,0002,0031,0031,W0031--fsk_770_809--0.02,141.0,164.0,1818.435913,4.0
157,4,00,file:///C:/FIS/demo_dataset/03-images_renamed/demoplate_01/W0031--fsk_770_809--0.02/P001--fsk_770_809--0.02/demoplate_01--fsk_770_809--0.02--W0031--P001--T0002--C00.tif,0,0,fsk_770_809,0.02,demoplate_01--fsk_770_809--0.02--W0031--P001--T0002,C:\FIS\demo_dataset\03-images_renamed,demoplate_01,demoplate_01,001,P001--fsk_770_809--0.02,0002,0031,0031,W0031--fsk_770_809--0.02,221.0,166.0,6700.811789,3.0
157,5,00,file:///C:/FIS/demo_dataset/03-images_renamed/demoplate_01/W0031--fsk_770_809--0.02/P001--fsk_770_809--0.02/demoplate_01--fsk_770_809--0.02--W0031--P001--T0002--C00.tif,0,0,fsk_770_809,0.02,demoplate_01--fsk_770_809--0.02--W0031--P001--T0002,C:\FIS\demo_dataset\03-images_renamed,demoplate_01,demoplate_01,001,P001--fsk_770_809--0.02,0002,0031,0031,W0031--fsk_770_809--0.02,205.0,166.0,6152.7900070000005,5.0
157,6,00,file:///C:/FIS/demo_dataset/03-images_renamed/demoplate_01/W0031--fsk_770_809--0.02/P001--fsk_770_809--0.02/demoplate_01--fsk_770_809--0.02--W0031--P001--T0002--C00.tif,0,0,fsk_770_809,0.02,demoplate_01--fsk_770_809--0.02--W0031--P001--T0002,C:\FIS\demo_dataset\03-images_renamed,demoplate_01,demoplate_01,001,P001--fsk_770_809--0.02,0002,0031,0031,W0031--fsk_770_809--0.02,115.0,177.0,572.931863,7.0
157,7,00,file:///C:/FIS/demo_dataset/03-images_renamed/demoplate_01/W0031--fsk_770_809--0.02/P001--fsk_770_809--0.02/demoplate_01--fsk_770_809--0.02--W0031--P001--T0002--C00.tif,0,0,fsk_770_809,0.02,demoplate_01--fsk_770_809--0.02--W0031--P001--T0002,C:\FIS\demo_dataset\03-images_renamed,demoplate_01,demoplate_01,001,P001--fsk_770_809--0.02,0002,0031,0031,W0031--fsk_770_809--0.02,60.0,180.0,7223.92349,8.0
157,8,00,file:///C:/FIS/demo_dataset/03-images_renamed/demoplate_01/W0031--fsk_770_809--0.02/P001--fsk_770_809--0.02/demoplate_01--fsk_770_809--0.02--W0031--P001--T0002--C00.tif,0,0,fsk_770_809,0.02,demoplate_01--fsk_770_809--0.02--W0031--P001--T0002,C:\FIS\demo_dataset\03-images_renamed,demoplate_01,demoplate_01,001,P001--fsk_770_809--0.02,0002,0031,0031,W0031--fsk_770_809--0.02,127.0,180.0,6003.329521000001,9.0
157,9,00,file:///C:/FIS/demo_dataset/03-images_renamed/demoplate_01/W0031--fsk_770_809--0.02/P001--fsk_770_809--0.02/demoplate_01--fsk_770_809--0.02--W0031--P001--T0002--C00.tif,0,0,fsk_770_809,0.02,demoplate_01--fsk_770_809--0.02--W0031--P001--T0002,C:\FIS\demo_dataset\03-images_renamed,demoplate_01,demoplate_01,001,P001--fsk_770_809--0.02,0002,0031,0031,W0031--fsk_770_809--0.02,79.0,190.0,4558.544823,10.0
157,10,00,file:///C:/FIS/demo_dataset/03-images_renamed/demoplate_01/W0031--fsk_770_809--0.02/P001--fsk_770_809--0.02/demoplate_01--fsk_770_809--0.02--W0031--P001--T0002--C00.tif,0,0,fsk_770_809,0.02,demoplate_01--fsk_770_809--0.02--W0031--P001--T0002,C:\FIS\demo_dataset\03-images_renamed,demoplate_01,demoplate_01,001,P001--fsk_770_809--0.02,0002,0031,0031,W0031--fsk_770_809--0.02,163.0,214.0,1021.3133210000001,11.0
157,11,00,file:///C:/FIS/demo_dataset/03-images_renamed/demoplate_01/W0031--fsk_770_809--0.02/P001--fsk_770_809--0.02/demoplate_01--fsk_770_809--0.02--W0031--P001--T0002--C00.tif,0,0,fsk_770_809,0.02,demoplate_01--fsk_770_809--0.02--W0031--P001--T0002,C:\FIS\demo_dataset\03-images_renamed,demoplate_01,demoplate_01,001,P001--fsk_770_809--0.02,0002,0031,0031,W0031--fsk_770_809--0.02,16.0,220.0,1918.0762370000002,12.0
157,12,00,file:///C:/FIS/demo_dataset/03-images_renamed/demoplate_01/W0031--fsk_770_809--0.02/P001--fsk_770_809--0.02/demoplate_01--fsk_770_809--0.02--W0031--P001--T0002--C00.tif,0,0,fsk_770_809,0.02,demoplate_01--fsk_770_809--0.02--W0031--P001--T0002,C:\FIS\demo_dataset\03-images_renamed,demoplate_01,demoplate_01,001,P001--fsk_770_809--0.02,0002,0031,0031,W0031--fsk_770_809--0.02,194.0,227.0,996.4032400000001,13.0
157,13,00,file:///C:/FIS/demo_dataset/03-images_renamed/demoplate_01/W0031--fsk_770_809--0.02/P001--fsk_770_809--0.02/demoplate_01--fsk_770_809--0.02--W0031--P001--T0002--C00.tif,0,0,fsk_770_809,0.02,demoplate_01--fsk_770_809--0.02--W0031--P001--T0002,C:\FIS\demo_dataset\03-images_renamed,demoplate_01,demoplate_01,001,P001--fsk_770_809--0.02,0002,0031,0031,W0031--fsk_770_809--0.02,113.0,235.0,16590.113946,15.0
157,14,00,file:///C:/FIS/demo_dataset/03-images_renamed/demoplate_01/W0031--fsk_770_809--0.02/P001--fsk_770_809--0.02/demoplate_01--fsk_770_809--0.02--W0031--P001--T0002--C00.tif,0,0,fsk_770_809,0.02,demoplate_01--fsk_770_809--0.02--W0031--P001--T0002,C:\FIS\demo_dataset\03-images_renamed,demoplate_01,demoplate_01,001,P001--fsk_770_809--0.02,0002,0031,0031,W0031--fsk_770_809--0.02,172.0,236.0,572.931863,16.0
157,15,00,file:///C:/FIS/demo_dataset/03-images_renamed/demoplate_01/W0031--fsk_770_809--0.02/P001--fsk_770_809--0.02/demoplate_01--fsk_770_809--0.02--W0031--P001--T0002--C00.tif,0,0,fsk_770_809,0.02,demoplate_01--fsk_770_809--0.02--W0031--P001--T0002,C:\FIS\demo_dataset\03-images_renamed,demoplate_01,demoplate_01,001,P001--fsk_770_809--0.02,0002,0031,0031,W0031--fsk_770_809--0.02,91.0,239.0,946.5830780000001,14.0
157,16,00,file:///C:/FIS/demo_dataset/03-images_renamed/demoplate_01/W0031--fsk_770_809--0.02/P001--fsk_770_809--0.02/demoplate_01--fsk_770_809--0.02--W0031--P001--T0002--C00.tif,0,0,fsk_770_809,0.02,demoplate_01--fsk_770_809--0.02--W0031--P001--T0002,C:\FIS\demo_dataset\03-images_renamed,demoplate_01,demoplate_01,001,P001--fsk_770_809--0.02,0002,0031,0031,W0031--fsk_770_809--0.02,73.0,243.0,12156.119528000001,17.0
157,17,00,file:///C:/FIS/demo_dataset/03-images_renamed/demoplate_01/W0031--fsk_770_809--0.02/P001--fsk_770_809--0.02/demoplate_01--fsk_770_809--0.02--W0031--P001--T0002--C00.tif,0,0,fsk_770_809,0.02,demoplate_01--fsk_770_809--0.02--W0031--P001--T0002,C:\FIS\demo_dataset\03-images_renamed,demoplate_01,demoplate_01,001,P001--fsk_770_809--0.02,0002,0031,0031,W0031--fsk_770_809--0.02,137.0,253.0,17536.697024,18.0
157,18,00,file:///C:/FIS/demo_dataset/03-images_renamed/demoplate_01/W0031--fsk_770_809--0.02/P001--fsk_770_809--0.02/demoplate_01--fsk_770_809--0.02--W0031--P001--T0002--C00.tif,0,0,fsk_770_809,0.02,demoplate_01--fsk_770_809--0.02--W0031--P001--T0002,C:\FIS\demo_dataset\03-images_renamed,demoplate_01,demoplate_01,001,P001--fsk_770_809--0.02,0002,0031,0031,W0031--fsk_770_809--0.02,105.0,263.0,971.4931590000001,19.0
157,19,00,file:///C:/FIS/demo_dataset/03-images_renamed/demoplate_01/W0031--fsk_770_809--0.02/P001--fsk_770_809--0.02/demoplate_01--fsk_770_809--0.02--W0031--P001--T0002--C00.tif,0,0,fsk_770_809,0.02,demoplate_01--fsk_770_809--0.02--W0031--P001--T0002,C:\FIS\demo_dataset\03-images_renamed,demoplate_01,demoplate_01,001,P001--fsk_770_809--0.02,0002,0031,0031,W0031--fsk_770_809--0.02,202.0,268.0,4259.623851,20.0
157,20,00,file:///C:/FIS/demo_dataset/03-images_renamed/demoplate_01/W0031--fsk_770_809--0.02/P001--fsk_770_809--0.02/demoplate_01--fsk_770_809--0.02--W0031--P001--T0002--C00.tif,0,0,fsk_770_809,0.02,demoplate_01--fsk_770_809--0.02--W0031--P001--T0002,C:\FIS\demo_dataset\03-images_renamed,demoplate_01,demoplate_01,001,P001--fsk_770_809--0.02,0002,0031,0031,W0031--fsk_770_809--0.02,97.0,331.0,2391.367776,21.0
157,21,00,file:///C:/FIS/demo_dataset/03-images_renamed/demoplate_01/W0031--fsk_770_809--0.02/P001--fsk_770_809--0.02/demoplate_01--fsk_770_809--0.02--W0031--P001--T0002--C00.tif,0,0,fsk_770_809,0.02,demoplate_01--fsk_770_809--0.02--W0031--P001--T0002,C:\FIS\demo_dataset\03-images_renamed,demoplate_01,demoplate_01,001,P001--fsk_770_809--0.02,0002,0031,0031,W0031--fsk_770_809--0.02,27.0,354.0,1469.6947790000002,22.0
157,22,00,file:///C:/FIS/demo_dataset/03-images_renamed/demoplate_01/W0031--fsk_770_809--0.02/P001--fsk_770_809--0.02/demoplate_01--fsk_770_809--0.02--W0031--P001--T0002--C00.tif,0,0,fsk_770_809,0.02,demoplate_01--fsk_770_809--0.02--W0031--P001--T0002,C:\FIS\demo_dataset\03-images_renamed,demoplate_01,demoplate_01,001,P001--fsk_770_809--0.02,0002,0031,0031,W0031--fsk_770_809--0.02,121.0,374.0,1270.414131,24.0
157,23,00,file:///C:/FIS/demo_dataset/03-images_renamed/demoplate_01/W0031--fsk_770_809--0.02/P001--fsk_770_809--0.02/demoplate_01--fsk_770_809--0.02--W0031--P001--T0002--C00.tif,0,0,fsk_770_809,0.02,demoplate_01--fsk_770_809--0.02--W0031--P001--T0002,C:\FIS\demo_dataset\03-images_renamed,demoplate_01,demoplate_01,001,P001--fsk_770_809--0.02,0002,0031,0031,W0031--fsk_770_809--0.02,91.0,375.0,9465.83078,23.0
157,24,00,file:///C:/FIS/demo_dataset/03-images_renamed/demoplate_01/W0031--fsk_770_809--0.02/P001--fsk_770_809--0.02/demoplate_01--fsk_770_809--0.02--W0031--P001--T0002--C00.tif,0,0,fsk_770_809,0.02,demoplate_01--fsk_770_809--0.02--W0031--P001--T0002,C:\FIS\demo_dataset\03-images_renamed,demoplate_01,demoplate_01,001,P001--fsk_770_809--0.02,0002,0031,0031,W0031--fsk_770_809--0.02,35.0,379.0,5181.296848,25.0
157,25,00,file:///C:/FIS/demo_dataset/03-images_renamed/demoplate_01/W0031--fsk_770_809--0.02/P001--fsk_770_809--0.02/demoplate_01--fsk_770_809--0.02--W0031--P001--T0002--C00.tif,0,0,fsk_770_809,0.02,demoplate_01--fsk_770_809--0.02--W0031--P001--T0002,C:\FIS\demo_dataset\03-images_renamed,demoplate_01,demoplate_01,001,P001--fsk_770_809--0.02,0002,0031,0031,W0031--fsk_770_809--0.02,44.0,405.0,3587.051664,26.0
157,26,00,file:///C:/FIS/demo_dataset/03-images_renamed/demoplate_01/W0031--fsk_770_809--0.02/P001--fsk_770_809--0.02/demoplate_01--fsk_770_809--0.02--W0031--P001--T0002--C00.tif,0,0,fsk_770_809,0.02,demoplate_01--fsk_770_809--0.02--W0031--P001--T0002,C:\FIS\demo_dataset\03-images_renamed,demoplate_01,demoplate_01,001,P001--fsk_770_809--0.02,0002,0031,0031,W0031--fsk_770_809--0.02,7.0,422.0,1295.324212,27.0
157,27,00,file:///C:/FIS/demo_dataset/03-images_renamed/demoplate_01/W0031--fsk_770_809--0.02/P001--fsk_770_809--0.02/demoplate_01--fsk_770_809--0.02--W0031--P001--T0002--C00.tif,0,0,fsk_770_809,0.02,demoplate_01--fsk_770_809--0.02--W0031--P001--T0002,C:\FIS\demo_dataset\03-images_renamed,demoplate_01,demoplate_01,001,P001--fsk_770_809--0.02,0002,0031,0031,W0031--fsk_770_809--0.02,123.0,424.0,3188.490368,29.0
157,28,00,file:///C:/FIS/demo_dataset/03-images_renamed/demoplate_01/W0031--fsk_770_809--0.02/P001--fsk_770_809--0.02/demoplate_01--fsk_770_809--0.02--W0031--P001--T0002--C00.tif,0,0,fsk_770_809,0.02,demoplate_01--fsk_770_809--0.02--W0031--P001--T0002,C:\FIS\demo_dataset\03-images_renamed,demoplate_01,demoplate_01,001,P001--fsk_770_809--0.02,0002,0031,0031,W0031--fsk_770_809--0.02,107.0,425.0,5978.419440000001,28.0
157,29,00,file:///C:/FIS/demo_dataset/03-images_renamed/demoplate_01/W0031--fsk_770_809--0.02/P001--fsk_770_809--0.02/demoplate_01--fsk_770_809--0.02--W0031--P001--T0002--C00.tif,0,0,fsk_770_809,0.02,demoplate_01--fsk_770_809--0.02--W0031--P001--T0002,C:\FIS\demo_dataset\03-images_renamed,demoplate_01,demoplate_01,001,P001--fsk_770_809--0.02,0002,0031,0031,W0031--fsk_770_809--0.02,147.0,428.0,1145.863726,30.0
157,30,00,file:///C:/FIS/demo_dataset/03-images_renamed/demoplate_01/W0031--fsk_770_809--0.02/P001--fsk_770_809--0.02/demoplate_01--fsk_770_809--0.02--W0031--P001--T0002--C00.tif,0,0,fsk_770_809,0.02,demoplate_01--fsk_770_809--0.02--W0031--P001--T0002,C:\FIS\demo_dataset\03-images_renamed,demoplate_01,demoplate_01,001,P001--fsk_770_809--0.02,0002,0031,0031,W0031--fsk_770_809--0.02,92.0,440.0,10786.065073000002,31.0
157,31,00,file:///C:/FIS/demo_dataset/03-images_renamed/demoplate_01/W0031--fsk_770_809--0.02/P001--fsk_770_809--0.02/demoplate_01--fsk_770_809--0.02--W0031--P001--T0002--C00.tif,0,0,fsk_770_809,0.02,demoplate_01--fsk_770_809--0.02--W0031--P001--T0002,C:\FIS\demo_dataset\03-images_renamed,demoplate_01,demoplate_01,001,P001--fsk_770_809--0.02,0002,0031,0031,W0031--fsk_770_809--0.02,148.0,444.0,996.4032400000001,32.0
157,32,00,file:///C:/FIS/demo_dataset/03-images_renamed/demoplate_01/W0031--fsk_770_809--0.02/P001--fsk_770_809--0.02/demoplate_01--fsk_770_809--0.02--W0031--P001--T0002--C00.tif,0,0,fsk_770_809,0.02,demoplate_01--fsk_770_809--0.02--W0031--P001--T0002,C:\FIS\demo_dataset\03-images_renamed,demoplate_01,demoplate_01,001,P001--fsk_770_809--0.02,0002,0031,0031,W0031--fsk_770_809--0.02,34.0,471.0,1967.8963990000002,33.0
157,33,00,file:///C:/FIS/demo_dataset/03-images_renamed/demoplate_01/W0031--fsk_770_809--0.02/P001--fsk_770_809--0.02/demoplate_01--fsk_770_809--0.02--W0031--P001--T0002--C00.tif,0,0,fsk_770_809,0.02,demoplate_01--fsk_770_809--0.02--W0031--P001--T0002,C:\FIS\demo_dataset\03-images_renamed,demoplate_01,demoplate_01,001,P001--fsk_770_809--0.02,0002,0031,0031,W0031--fsk_770_809--0.02,108.0,511.0,1494.6048600000001,34.0
158,1,00,file:///C:/FIS/demo_dataset/03-images_renamed/demoplate_01/W0031--fsk_770_809--0.02/P001--fsk_770_809--0.02/demoplate_01--fsk_770_809--0.02--W0031--P001--T0003--C00.tif,0,0,fsk_770_809,0.02,demoplate_01--fsk_770_809--0.02--W0031--P001--T0003,C:\FIS\demo_dataset\03-images_renamed,demoplate_01,demoplate_01,001,P001--fsk_770_809--0.02,0003,0031,0031,W0031--fsk_770_809--0.02,14.0,23.0,4732.91539,1.0
158,2,00,file:///C:/FIS/demo_dataset/03-images_renamed/demoplate_01/W0031--fsk_770_809--0.02/P001--fsk_770_809--0.02/demoplate_01--fsk_770_809--0.02--W0031--P001--T0003--C00.tif,0,0,fsk_770_809,0.02,demoplate_01--fsk_770_809--0.02--W0031--P001--T0003,C:\FIS\demo_dataset\03-images_renamed,demoplate_01,demoplate_01,001,P001--fsk_770_809--0.02,0003,0031,0031,W0031--fsk_770_809--0.02,156.0,103.0,11782.468313000001,2.0
158,3,00,file:///C:/FIS/demo_dataset/03-images_renamed/demoplate_01/W0031--fsk_770_809--0.02/P001--fsk_770_809--0.02/demoplate_01--fsk_770_809--0.02--W0031--P001--T0003--C00.tif,0,0,fsk_770_809,0.02,demoplate_01--fsk_770_809--0.02--W0031--P001--T0003,C:\FIS\demo_dataset\03-images_renamed,demoplate_01,demoplate_01,001,P001--fsk_770_809--0.02,0003,0031,0031,W0031--fsk_770_809--0.02,141.0,164.0,1793.525832,4.0
158,4,00,file:///C:/FIS/demo_dataset/03-images_renamed/demoplate_01/W0031--fsk_770_809--0.02/P001--fsk_770_809--0.02/demoplate_01--fsk_770_809--0.02--W0031--P001--T0003--C00.tif,0,0,fsk_770_809,0.02,demoplate_01--fsk_770_809--0.02--W0031--P001--T0003,C:\FIS\demo_dataset\03-images_renamed,demoplate_01,demoplate_01,001,P001--fsk_770_809--0.02,0003,0031,0031,W0031--fsk_770_809--0.02,220.0,163.0,7024.642842,3.0
158,5,00,file:///C:/FIS/demo_dataset/03-images_renamed/demoplate_01/W0031--fsk_770_809--0.02/P001--fsk_770_809--0.02/demoplate_01--fsk_770_809--0.02--W0031--P001--T0003--C00.tif,0,0,fsk_770_809,0.02,demoplate_01--fsk_770_809--0.02--W0031--P001--T0003,C:\FIS\demo_dataset\03-images_renamed,demoplate_01,demoplate_01,001,P001--fsk_770_809--0.02,0003,0031,0031,W0031--fsk_770_809--0.02,204.0,167.0,5978.419440000001,5.0
158,6,00,file:///C:/FIS/demo_dataset/03-images_renamed/demoplate_01/W0031--fsk_770_809--0.02/P001--fsk_770_809--0.02/demoplate_01--fsk_770_809--0.02--W0031--P001--T0003--C00.tif,0,0,fsk_770_809,0.02,demoplate_01--fsk_770_809--0.02--W0031--P001--T0003,C:\FIS\demo_dataset\03-images_renamed,demoplate_01,demoplate_01,001,P001--fsk_770_809--0.02,0003,0031,0031,W0031--fsk_770_809--0.02,115.0,177.0,548.021782,7.0
158,7,00,file:///C:/FIS/demo_dataset/03-images_renamed/demoplate_01/W0031--fsk_770_809--0.02/P001--fsk_770_809--0.02/demoplate_01--fsk_770_809--0.02--W0031--P001--T0003--C00.tif,0,0,fsk_770_809,0.02,demoplate_01--fsk_770_809--0.02--W0031--P001--T0003,C:\FIS\demo_dataset\03-images_renamed,demoplate_01,demoplate_01,001,P001--fsk_770_809--0.02,0003,0031,0031,W0031--fsk_770_809--0.02,60.0,179.0,7398.294057,8.0
158,8,00,file:///C:/FIS/demo_dataset/03-images_renamed/demoplate_01/W0031--fsk_770_809--0.02/P001--fsk_770_809--0.02/demoplate_01--fsk_770_809--0.02--W0031--P001--T0003--C00.tif,0,0,fsk_770_809,0.02,demoplate_01--fsk_770_809--0.02--W0031--P001--T0003,C:\FIS\demo_dataset\03-images_renamed,demoplate_01,demoplate_01,001,P001--fsk_770_809--0.02,0003,0031,0031,W0031--fsk_770_809--0.02,127.0,180.0,6003.329521000001,9.0
158,9,00,file:///C:/FIS/demo_dataset/03-images_renamed/demoplate_01/W0031--fsk_770_809--0.02/P001--fsk_770_809--0.02/demoplate_01--fsk_770_809--0.02--W0031--P001--T0003--C00.tif,0,0,fsk_770_809,0.02,demoplate_01--fsk_770_809--0.02--W0031--P001--T0003,C:\FIS\demo_dataset\03-images_renamed,demoplate_01,demoplate_01,001,P001--fsk_770_809--0.02,0003,0031,0031,W0031--fsk_770_809--0.02,78.0,189.0,4633.275066,10.0
158,10,00,file:///C:/FIS/demo_dataset/03-images_renamed/demoplate_01/W0031--fsk_770_809--0.02/P001--fsk_770_809--0.02/demoplate_01--fsk_770_809--0.02--W0031--P001--T0003--C00.tif,0,0,fsk_770_809,0.02,demoplate_01--fsk_770_809--0.02--W0031--P001--T0003,C:\FIS\demo_dataset\03-images_renamed,demoplate_01,demoplate_01,001,P001--fsk_770_809--0.02,0003,0031,0031,W0031--fsk_770_809--0.02,164.0,214.0,946.5830780000001,11.0
158,11,00,file:///C:/FIS/demo_dataset/03-images_renamed/demoplate_01/W0031--fsk_770_809--0.02/P001--fsk_770_809--0.02/demoplate_01--fsk_770_809--0.02--W0031--P001--T0003--C00.tif,0,0,fsk_770_809,0.02,demoplate_01--fsk_770_809--0.02--W0031--P001--T0003,C:\FIS\demo_dataset\03-images_renamed,demoplate_01,demoplate_01,001,P001--fsk_770_809--0.02,0003,0031,0031,W0031--fsk_770_809--0.02,15.0,219.0,1992.8064800000002,12.0
158,12,00,file:///C:/FIS/demo_dataset/03-images_renamed/demoplate_01/W0031--fsk_770_809--0.02/P001--fsk_770_809--0.02/demoplate_01--fsk_770_809--0.02--W0031--P001--T0003--C00.tif,0,0,fsk_770_809,0.02,demoplate_01--fsk_770_809--0.02--W0031--P001--T0003,C:\FIS\demo_dataset\03-images_renamed,demoplate_01,demoplate_01,001,P001--fsk_770_809--0.02,0003,0031,0031,W0031--fsk_770_809--0.02,195.0,227.0,946.5830780000001,13.0
158,13,00,file:///C:/FIS/demo_dataset/03-images_renamed/demoplate_01/W0031--fsk_770_809--0.02/P001--fsk_770_809--0.02/demoplate_01--fsk_770_809--0.02--W0031--P001--T0003--C00.tif,0,0,fsk_770_809,0.02,demoplate_01--fsk_770_809--0.02--W0031--P001--T0003,C:\FIS\demo_dataset\03-images_renamed,demoplate_01,demoplate_01,001,P001--fsk_770_809--0.02,0003,0031,0031,W0031--fsk_770_809--0.02,91.0,236.0,896.762916,14.0
158,14,00,file:///C:/FIS/demo_dataset/03-images_renamed/demoplate_01/W0031--fsk_770_809--0.02/P001--fsk_770_809--0.02/demoplate_01--fsk_770_809--0.02--W0031--P001--T0003--C00.tif,0,0,fsk_770_809,0.02,demoplate_01--fsk_770_809--0.02--W0031--P001--T0003,C:\FIS\demo_dataset\03-images_renamed,demoplate_01,demoplate_01,001,P001--fsk_770_809--0.02,0003,0031,0031,W0031--fsk_770_809--0.02,113.0,235.0,16515.383703,15.0
158,15,00,file:///C:/FIS/demo_dataset/03-images_renamed/demoplate_01/W0031--fsk_770_809--0.02/P001--fsk_770_809--0.02/demoplate_01--fsk_770_809--0.02--W0031--P001--T0003--C00.tif,0,0,fsk_770_809,0.02,demoplate_01--fsk_770_809--0.02--W0031--P001--T0003,C:\FIS\demo_dataset\03-images_renamed,demoplate_01,demoplate_01,001,P001--fsk_770_809--0.02,0003,0031,0031,W0031--fsk_770_809--0.02,172.0,235.0,647.662106,16.0
158,16,00,file:///C:/FIS/demo_dataset/03-images_renamed/demoplate_01/W0031--fsk_770_809--0.02/P001--fsk_770_809--0.02/demoplate_01--fsk_770_809--0.02--W0031--P001--T0003--C00.tif,0,0,fsk_770_809,0.02,demoplate_01--fsk_770_809--0.02--W0031--P001--T0003,C:\FIS\demo_dataset\03-images_renamed,demoplate_01,demoplate_01,001,P001--fsk_770_809--0.02,0003,0031,0031,W0031--fsk_770_809--0.02,74.0,244.0,12056.479204000001,17.0
158,17,00,file:///C:/FIS/demo_dataset/03-images_renamed/demoplate_01/W0031--fsk_770_809--0.02/P001--fsk_770_809--0.02/demoplate_01--fsk_770_809--0.02--W0031--P001--T0003--C00.tif,0,0,fsk_770_809,0.02,demoplate_01--fsk_770_809--0.02--W0031--P001--T0003,C:\FIS\demo_dataset\03-images_renamed,demoplate_01,demoplate_01,001,P001--fsk_770_809--0.02,0003,0031,0031,W0031--fsk_770_809--0.02,137.0,253.0,17561.607105000003,18.0
158,18,00,file:///C:/FIS/demo_dataset/03-images_renamed/demoplate_01/W0031--fsk_770_809--0.02/P001--fsk_770_809--0.02/demoplate_01--fsk_770_809--0.02--W0031--P001--T0003--C00.tif,0,0,fsk_770_809,0.02,demoplate_01--fsk_770_809--0.02--W0031--P001--T0003,C:\FIS\demo_dataset\03-images_renamed,demoplate_01,demoplate_01,001,P001--fsk_770_809--0.02,0003,0031,0031,W0031--fsk_770_809--0.02,105.0,263.0,1071.133483,19.0
158,19,00,file:///C:/FIS/demo_dataset/03-images_renamed/demoplate_01/W0031--fsk_770_809--0.02/P001--fsk_770_809--0.02/demoplate_01--fsk_770_809--0.02--W0031--P001--T0003--C00.tif,0,0,fsk_770_809,0.02,demoplate_01--fsk_770_809--0.02--W0031--P001--T0003,C:\FIS\demo_dataset\03-images_renamed,demoplate_01,demoplate_01,001,P001--fsk_770_809--0.02,0003,0031,0031,W0031--fsk_770_809--0.02,202.0,268.0,4259.623851,20.0
158,20,00,file:///C:/FIS/demo_dataset/03-images_renamed/demoplate_01/W0031--fsk_770_809--0.02/P001--fsk_770_809--0.02/demoplate_01--fsk_770_809--0.02--W0031--P001--T0003--C00.tif,0,0,fsk_770_809,0.02,demoplate_01--fsk_770_809--0.02--W0031--P001--T0003,C:\FIS\demo_dataset\03-images_renamed,demoplate_01,demoplate_01,001,P001--fsk_770_809--0.02,0003,0031,0031,W0031--fsk_770_809--0.02,97.0,331.0,2366.457695,21.0
158,21,00,file:///C:/FIS/demo_dataset/03-images_renamed/demoplate_01/W0031--fsk_770_809--0.02/P001--fsk_770_809--0.02/demoplate_01--fsk_770_809--0.02--W0031--P001--T0003--C00.tif,0,0,fsk_770_809,0.02,demoplate_01--fsk_770_809--0.02--W0031--P001--T0003,C:\FIS\demo_dataset\03-images_renamed,demoplate_01,demoplate_01,001,P001--fsk_770_809--0.02,0003,0031,0031,W0031--fsk_770_809--0.02,26.0,354.0,1494.6048600000001,22.0
158,22,00,file:///C:/FIS/demo_dataset/03-images_renamed/demoplate_01/W0031--fsk_770_809--0.02/P001--fsk_770_809--0.02/demoplate_01--fsk_770_809--0.02--W0031--P001--T0003--C00.tif,0,0,fsk_770_809,0.02,demoplate_01--fsk_770_809--0.02--W0031--P001--T0003,C:\FIS\demo_dataset\03-images_renamed,demoplate_01,demoplate_01,001,P001--fsk_770_809--0.02,0003,0031,0031,W0031--fsk_770_809--0.02,121.0,373.0,1345.1443740000002,24.0
158,23,00,file:///C:/FIS/demo_dataset/03-images_renamed/demoplate_01/W0031--fsk_770_809--0.02/P001--fsk_770_809--0.02/demoplate_01--fsk_770_809--0.02--W0031--P001--T0003--C00.tif,0,0,fsk_770_809,0.02,demoplate_01--fsk_770_809--0.02--W0031--P001--T0003,C:\FIS\demo_dataset\03-images_renamed,demoplate_01,demoplate_01,001,P001--fsk_770_809--0.02,0003,0031,0031,W0031--fsk_770_809--0.02,91.0,375.0,9391.100537,23.0
158,24,00,file:///C:/FIS/demo_dataset/03-images_renamed/demoplate_01/W0031--fsk_770_809--0.02/P001--fsk_770_809--0.02/demoplate_01--fsk_770_809--0.02--W0031--P001--T0003--C00.tif,0,0,fsk_770_809,0.02,demoplate_01--fsk_770_809--0.02--W0031--P001--T0003,C:\FIS\demo_dataset\03-images_renamed,demoplate_01,demoplate_01,001,P001--fsk_770_809--0.02,0003,0031,0031,W0031--fsk_770_809--0.02,35.0,379.0,5181.296848,25.0
158,25,00,file:///C:/FIS/demo_dataset/03-images_renamed/demoplate_01/W0031--fsk_770_809--0.02/P001--fsk_770_809--0.02/demoplate_01--fsk_770_809--0.02--W0031--P001--T0003--C00.tif,0,0,fsk_770_809,0.02,demoplate_01--fsk_770_809--0.02--W0031--P001--T0003,C:\FIS\demo_dataset\03-images_renamed,demoplate_01,demoplate_01,001,P001--fsk_770_809--0.02,0003,0031,0031,W0031--fsk_770_809--0.02,46.0,405.0,3611.961745,26.0
158,26,00,file:///C:/FIS/demo_dataset/03-images_renamed/demoplate_01/W0031--fsk_770_809--0.02/P001--fsk_770_809--0.02/demoplate_01--fsk_770_809--0.02--W0031--P001--T0003--C00.tif,0,0,fsk_770_809,0.02,demoplate_01--fsk_770_809--0.02--W0031--P001--T0003,C:\FIS\demo_dataset\03-images_renamed,demoplate_01,demoplate_01,001,P001--fsk_770_809--0.02,0003,0031,0031,W0031--fsk_770_809--0.02,7.0,423.0,1270.414131,27.0
158,27,00,file:///C:/FIS/demo_dataset/03-images_renamed/demoplate_01/W0031--fsk_770_809--0.02/P001--fsk_770_809--0.02/demoplate_01--fsk_770_809--0.02--W0031--P001--T0003--C00.tif,0,0,fsk_770_809,0.02,demoplate_01--fsk_770_809--0.02--W0031--P001--T0003,C:\FIS\demo_dataset\03-images_renamed,demoplate_01,demoplate_01,001,P001--fsk_770_809--0.02,0003,0031,0031,W0031--fsk_770_809--0.02,122.0,424.0,3063.9399630000003,29.0
158,28,00,file:///C:/FIS/demo_dataset/03-images_renamed/demoplate_01/W0031--fsk_770_809--0.02/P001--fsk_770_809--0.02/demoplate_01--fsk_770_809--0.02--W0031--P001--T0003--C00.tif,0,0,fsk_770_809,0.02,demoplate_01--fsk_770_809--0.02--W0031--P001--T0003,C:\FIS\demo_dataset\03-images_renamed,demoplate_01,demoplate_01,001,P001--fsk_770_809--0.02,0003,0031,0031,W0031--fsk_770_809--0.02,106.0,425.0,5828.958954000001,28.0
158,29,00,file:///C:/FIS/demo_dataset/03-images_renamed/demoplate_01/W0031--fsk_770_809--0.02/P001--fsk_770_809--0.02/demoplate_01--fsk_770_809--0.02--W0031--P001--T0003--C00.tif,0,0,fsk_770_809,0.02,demoplate_01--fsk_770_809--0.02--W0031--P001--T0003,C:\FIS\demo_dataset\03-images_renamed,demoplate_01,demoplate_01,001,P001--fsk_770_809--0.02,0003,0031,0031,W0031--fsk_770_809--0.02,147.0,428.0,1170.773807,30.0
158,30,00,file:///C:/FIS/demo_dataset/03-images_renamed/demoplate_01/W0031--fsk_770_809--0.02/P001--fsk_770_809--0.02/demoplate_01--fsk_770_809--0.02--W0031--P001--T0003--C00.tif,0,0,fsk_770_809,0.02,demoplate_01--fsk_770_809--0.02--W0031--P001--T0003,C:\FIS\demo_dataset\03-images_renamed,demoplate_01,demoplate_01,001,P001--fsk_770_809--0.02,0003,0031,0031,W0031--fsk_770_809--0.02,93.0,439.0,11533.367503000001,31.0
158,31,00,file:///C:/FIS/demo_dataset/03-images_renamed/demoplate_01/W0031--fsk_770_809--0.02/P001--fsk_770_809--0.02/demoplate_01--fsk_770_809--0.02--W0031--P001--T0003--C00.tif,0,0,fsk_770_809,0.02,demoplate_01--fsk_770_809--0.02--W0031--P001--T0003,C:\FIS\demo_dataset\03-images_renamed,demoplate_01,demoplate_01,001,P001--fsk_770_809--0.02,0003,0031,0031,W0031--fsk_770_809--0.02,148.0,444.0,996.4032400000001,32.0
158,32,00,file:///C:/FIS/demo_dataset/03-images_renamed/demoplate_01/W0031--fsk_770_809--0.02/P001--fsk_770_809--0.02/demoplate_01--fsk_770_809--0.02--W0031--P001--T0003--C00.tif,0,0,fsk_770_809,0.02,demoplate_01--fsk_770_809--0.02--W0031--P001--T0003,C:\FIS\demo_dataset\03-images_renamed,demoplate_01,demoplate_01,001,P001--fsk_770_809--0.02,0003,0031,0031,W0031--fsk_770_809--0.02,34.0,472.0,1967.8963990000002,33.0
158,33,00,file:///C:/FIS/demo_dataset/03-images_renamed/demoplate_01/W0031--fsk_770_809--0.02/P001--fsk_770_809--0.02/demoplate_01--fsk_770_809--0.02--W0031--P001--T0003--C00.tif,0,0,fsk_770_809,0.02,demoplate_01--fsk_770_809--0.02--W0031--P001--T0003,C:\FIS\demo_dataset\03-images_renamed,demoplate_01,demoplate_01,001,P001--fsk_770_809--0.02,0003,0031,0031,W0031--fsk_770_809--0.02,108.0,510.0,1469.6947790000002,34.0
159,1,00,file:///C:/FIS/demo_dataset/03-images_renamed/demoplate_01/W0031--fsk_770_809--0.02/P001--fsk_770_809--0.02/demoplate_01--fsk_770_809--0.02--W0031--P001--T0004--C00.tif,0,0,fsk_770_809,0.02,demoplate_01--fsk_770_809--0.02--W0031--P001--T0004,C:\FIS\demo_dataset\03-images_renamed,demoplate_01,demoplate_01,001,P001--fsk_770_809--0.02,0004,0031,0031,W0031--fsk_770_809--0.02,14.0,23.0,4732.91539,1.0
159,2,00,file:///C:/FIS/demo_dataset/03-images_renamed/demoplate_01/W0031--fsk_770_809--0.02/P001--fsk_770_809--0.02/demoplate_01--fsk_770_809--0.02--W0031--P001--T0004--C00.tif,0,0,fsk_770_809,0.02,demoplate_01--fsk_770_809--0.02--W0031--P001--T0004,C:\FIS\demo_dataset\03-images_renamed,demoplate_01,demoplate_01,001,P001--fsk_770_809--0.02,0004,0031,0031,W0031--fsk_770_809--0.02,156.0,102.0,11907.018718000001,2.0
159,3,00,file:///C:/FIS/demo_dataset/03-images_renamed/demoplate_01/W0031--fsk_770_809--0.02/P001--fsk_770_809--0.02/demoplate_01--fsk_770_809--0.02--W0031--P001--T0004--C00.tif,0,0,fsk_770_809,0.02,demoplate_01--fsk_770_809--0.02--W0031--P001--T0004,C:\FIS\demo_dataset\03-images_renamed,demoplate_01,demoplate_01,001,P001--fsk_770_809--0.02,0004,0031,0031,W0031--fsk_770_809--0.02,219.0,162.0,6974.82268,3.0
159,4,00,file:///C:/FIS/demo_dataset/03-images_renamed/demoplate_01/W0031--fsk_770_809--0.02/P001--fsk_770_809--0.02/demoplate_01--fsk_770_809--0.02--W0031--P001--T0004--C00.tif,0,0,fsk_770_809,0.02,demoplate_01--fsk_770_809--0.02--W0031--P001--T0004,C:\FIS\demo_dataset\03-images_renamed,demoplate_01,demoplate_01,001,P001--fsk_770_809--0.02,0004,0031,0031,W0031--fsk_770_809--0.02,141.0,164.0,1768.615751,4.0
159,5,00,file:///C:/FIS/demo_dataset/03-images_renamed/demoplate_01/W0031--fsk_770_809--0.02/P001--fsk_770_809--0.02/demoplate_01--fsk_770_809--0.02--W0031--P001--T0004--C00.tif,0,0,fsk_770_809,0.02,demoplate_01--fsk_770_809--0.02--W0031--P001--T0004,C:\FIS\demo_dataset\03-images_renamed,demoplate_01,demoplate_01,001,P001--fsk_770_809--0.02,0004,0031,0031,W0031--fsk_770_809--0.02,204.0,166.0,5953.509359000001,5.0
159,6,00,file:///C:/FIS/demo_dataset/03-images_renamed/demoplate_01/W0031--fsk_770_809--0.02/P001--fsk_770_809--0.02/demoplate_01--fsk_770_809--0.02--W0031--P001--T0004--C00.tif,0,0,fsk_770_809,0.02,demoplate_01--fsk_770_809--0.02--W0031--P001--T0004,C:\FIS\demo_dataset\03-images_renamed,demoplate_01,demoplate_01,001,P001--fsk_770_809--0.02,0004,0031,0031,W0031--fsk_770_809--0.02,114.0,177.0,498.20162000000005,7.0
159,7,00,file:///C:/FIS/demo_dataset/03-images_renamed/demoplate_01/W0031--fsk_770_809--0.02/P001--fsk_770_809--0.02/demoplate_01--fsk_770_809--0.02--W0031--P001--T0004--C00.tif,0,0,fsk_770_809,0.02,demoplate_01--fsk_770_809--0.02--W0031--P001--T0004,C:\FIS\demo_dataset\03-images_renamed,demoplate_01,demoplate_01,001,P001--fsk_770_809--0.02,0004,0031,0031,W0031--fsk_770_809--0.02,61.0,178.0,7448.114219000001,8.0
159,8,00,file:///C:/FIS/demo_dataset/03-images_renamed/demoplate_01/W0031--fsk_770_809--0.02/P001--fsk_770_809--0.02/demoplate_01--fsk_770_809--0.02--W0031--P001--T0004--C00.tif,0,0,fsk_770_809,0.02,demoplate_01--fsk_770_809--0.02--W0031--P001--T0004,C:\FIS\demo_dataset\03-images_renamed,demoplate_01,demoplate_01,001,P001--fsk_770_809--0.02,0004,0031,0031,W0031--fsk_770_809--0.02,128.0,180.0,6177.7000880000005,9.0
159,9,00,file:///C:/FIS/demo_dataset/03-images_renamed/demoplate_01/W0031--fsk_770_809--0.02/P001--fsk_770_809--0.02/demoplate_01--fsk_770_809--0.02--W0031--P001--T0004--C00.tif,0,0,fsk_770_809,0.02,demoplate_01--fsk_770_809--0.02--W0031--P001--T0004,C:\FIS\demo_dataset\03-images_renamed,demoplate_01,demoplate_01,001,P001--fsk_770_809--0.02,0004,0031,0031,W0031--fsk_770_809--0.02,78.0,189.0,4782.735552,10.0
159,10,00,file:///C:/FIS/demo_dataset/03-images_renamed/demoplate_01/W0031--fsk_770_809--0.02/P001--fsk_770_809--0.02/demoplate_01--fsk_770_809--0.02--W0031--P001--T0004--C00.tif,0,0,fsk_770_809,0.02,demoplate_01--fsk_770_809--0.02--W0031--P001--T0004,C:\FIS\demo_dataset\03-images_renamed,demoplate_01,demoplate_01,001,P001--fsk_770_809--0.02,0004,0031,0031,W0031--fsk_770_809--0.02,163.0,214.0,946.5830780000001,11.0
159,11,00,file:///C:/FIS/demo_dataset/03-images_renamed/demoplate_01/W0031--fsk_770_809--0.02/P001--fsk_770_809--0.02/demoplate_01--fsk_770_809--0.02--W0031--P001--T0004--C00.tif,0,0,fsk_770_809,0.02,demoplate_01--fsk_770_809--0.02--W0031--P001--T0004,C:\FIS\demo_dataset\03-images_renamed,demoplate_01,demoplate_01,001,P001--fsk_770_809--0.02,0004,0031,0031,W0031--fsk_770_809--0.02,16.0,220.0,2067.536723,12.0
159,12,00,file:///C:/FIS/demo_dataset/03-images_renamed/demoplate_01/W0031--fsk_770_809--0.02/P001--fsk_770_809--0.02/demoplate_01--fsk_770_809--0.02--W0031--P001--T0004--C00.tif,0,0,fsk_770_809,0.02,demoplate_01--fsk_770_809--0.02--W0031--P001--T0004,C:\FIS\demo_dataset\03-images_renamed,demoplate_01,demoplate_01,001,P001--fsk_770_809--0.02,0004,0031,0031,W0031--fsk_770_809--0.02,195.0,226.0,1021.3133210000001,13.0
159,13,00,file:///C:/FIS/demo_dataset/03-images_renamed/demoplate_01/W0031--fsk_770_809--0.02/P001--fsk_770_809--0.02/demoplate_01--fsk_770_809--0.02--W0031--P001--T0004--C00.tif,0,0,fsk_770_809,0.02,demoplate_01--fsk_770_809--0.02--W0031--P001--T0004,C:\FIS\demo_dataset\03-images_renamed,demoplate_01,demoplate_01,001,P001--fsk_770_809--0.02,0004,0031,0031,W0031--fsk_770_809--0.02,113.0,234.0,16615.024027,15.0
159,14,00,file:///C:/FIS/demo_dataset/03-images_renamed/demoplate_01/W0031--fsk_770_809--0.02/P001--fsk_770_809--0.02/demoplate_01--fsk_770_809--0.02--W0031--P001--T0004--C00.tif,0,0,fsk_770_809,0.02,demoplate_01--fsk_770_809--0.02--W0031--P001--T0004,C:\FIS\demo_dataset\03-images_renamed,demoplate_01,demoplate_01,001,P001--fsk_770_809--0.02,0004,0031,0031,W0031--fsk_770_809--0.02,171.0,235.0,622.752025,16.0
159,15,00,file:///C:/FIS/demo_dataset/03-images_renamed/demoplate_01/W0031--fsk_770_809--0.02/P001--fsk_770_809--0.02/demoplate_01--fsk_770_809--0.02--W0031--P001--T0004--C00.tif,0,0,fsk_770_809,0.02,demoplate_01--fsk_770_809--0.02--W0031--P001--T0004,C:\FIS\demo_dataset\03-images_renamed,demoplate_01,demoplate_01,001,P001--fsk_770_809--0.02,0004,0031,0031,W0031--fsk_770_809--0.02,91.0,237.0,1096.043564,14.0
159,16,00,file:///C:/FIS/demo_dataset/03-images_renamed/demoplate_01/W0031--fsk_770_809--0.02/P001--fsk_770_809--0.02/demoplate_01--fsk_770_809--0.02--W0031--P001--T0004--C00.tif,0,0,fsk_770_809,0.02,demoplate_01--fsk_770_809--0.02--W0031--P001--T0004,C:\FIS\demo_dataset\03-images_renamed,demoplate_01,demoplate_01,001,P001--fsk_770_809--0.02,0004,0031,0031,W0031--fsk_770_809--0.02,74.0,244.0,12230.849771000001,17.0
159,17,00,file:///C:/FIS/demo_dataset/03-images_renamed/demoplate_01/W0031--fsk_770_809--0.02/P001--fsk_770_809--0.02/demoplate_01--fsk_770_809--0.02--W0031--P001--T0004--C00.tif,0,0,fsk_770_809,0.02,demoplate_01--fsk_770_809--0.02--W0031--P001--T0004,C:\FIS\demo_dataset\03-images_renamed,demoplate_01,demoplate_01,001,P001--fsk_770_809--0.02,0004,0031,0031,W0031--fsk_770_809--0.02,137.0,253.0,17711.067591000003,18.0
159,18,00,file:///C:/FIS/demo_dataset/03-images_renamed/demoplate_01/W0031--fsk_770_809--0.02/P001--fsk_770_809--0.02/demoplate_01--fsk_770_809--0.02--W0031--P001--T0004--C00.tif,0,0,fsk_770_809,0.02,demoplate_01--fsk_770_809--0.02--W0031--P001--T0004,C:\FIS\demo_dataset\03-images_renamed,demoplate_01,demoplate_01,001,P001--fsk_770_809--0.02,0004,0031,0031,W0031--fsk_770_809--0.02,105.0,263.0,1096.043564,19.0
159,19,00,file:///C:/FIS/demo_dataset/03-images_renamed/demoplate_01/W0031--fsk_770_809--0.02/P001--fsk_770_809--0.02/demoplate_01--fsk_770_809--0.02--W0031--P001--T0004--C00.tif,0,0,fsk_770_809,0.02,demoplate_01--fsk_770_809--0.02--W0031--P001--T0004,C:\FIS\demo_dataset\03-images_renamed,demoplate_01,demoplate_01,001,P001--fsk_770_809--0.02,0004,0031,0031,W0031--fsk_770_809--0.02,202.0,268.0,4409.084337,20.0
159,20,00,file:///C:/FIS/demo_dataset/03-images_renamed/demoplate_01/W0031--fsk_770_809--0.02/P001--fsk_770_809--0.02/demoplate_01--fsk_770_809--0.02--W0031--P001--T0004--C00.tif,0,0,fsk_770_809,0.02,demoplate_01--fsk_770_809--0.02--W0031--P001--T0004,C:\FIS\demo_dataset\03-images_renamed,demoplate_01,demoplate_01,001,P001--fsk_770_809--0.02,0004,0031,0031,W0031--fsk_770_809--0.02,97.0,331.0,2391.367776,21.0
159,21,00,file:///C:/FIS/demo_dataset/03-images_renamed/demoplate_01/W0031--fsk_770_809--0.02/P001--fsk_770_809--0.02/demoplate_01--fsk_770_809--0.02--W0031--P001--T0004--C00.tif,0,0,fsk_770_809,0.02,demoplate_01--fsk_770_809--0.02--W0031--P001--T0004,C:\FIS\demo_dataset\03-images_renamed,demoplate_01,demoplate_01,001,P001--fsk_770_809--0.02,0004,0031,0031,W0031--fsk_770_809--0.02,26.0,354.0,1519.5149410000001,22.0
159,22,00,file:///C:/FIS/demo_dataset/03-images_renamed/demoplate_01/W0031--fsk_770_809--0.02/P001--fsk_770_809--0.02/demoplate_01--fsk_770_809--0.02--W0031--P001--T0004--C00.tif,0,0,fsk_770_809,0.02,demoplate_01--fsk_770_809--0.02--W0031--P001--T0004,C:\FIS\demo_dataset\03-images_renamed,demoplate_01,demoplate_01,001,P001--fsk_770_809--0.02,0004,0031,0031,W0031--fsk_770_809--0.02,121.0,373.0,1295.324212,24.0
159,23,00,file:///C:/FIS/demo_dataset/03-images_renamed/demoplate_01/W0031--fsk_770_809--0.02/P001--fsk_770_809--0.02/demoplate_01--fsk_770_809--0.02--W0031--P001--T0004--C00.tif,0,0,fsk_770_809,0.02,demoplate_01--fsk_770_809--0.02--W0031--P001--T0004,C:\FIS\demo_dataset\03-images_renamed,demoplate_01,demoplate_01,001,P001--fsk_770_809--0.02,0004,0031,0031,W0031--fsk_770_809--0.02,91.0,373.0,9590.381185,23.0
159,24,00,file:///C:/FIS/demo_dataset/03-images_renamed/demoplate_01/W0031--fsk_770_809--0.02/P001--fsk_770_809--0.02/demoplate_01--fsk_770_809--0.02--W0031--P001--T0004--C00.tif,0,0,fsk_770_809,0.02,demoplate_01--fsk_770_809--0.02--W0031--P001--T0004,C:\FIS\demo_dataset\03-images_renamed,demoplate_01,demoplate_01,001,P001--fsk_770_809--0.02,0004,0031,0031,W0031--fsk_770_809--0.02,35.0,379.0,5405.487577000001,25.0
159,25,00,file:///C:/FIS/demo_dataset/03-images_renamed/demoplate_01/W0031--fsk_770_809--0.02/P001--fsk_770_809--0.02/demoplate_01--fsk_770_809--0.02--W0031--P001--T0004--C00.tif,0,0,fsk_770_809,0.02,demoplate_01--fsk_770_809--0.02--W0031--P001--T0004,C:\FIS\demo_dataset\03-images_renamed,demoplate_01,demoplate_01,001,P001--fsk_770_809--0.02,0004,0031,0031,W0031--fsk_770_809--0.02,48.0,405.0,3562.141583,26.0
159,26,00,file:///C:/FIS/demo_dataset/03-images_renamed/demoplate_01/W0031--fsk_770_809--0.02/P001--fsk_770_809--0.02/demoplate_01--fsk_770_809--0.02--W0031--P001--T0004--C00.tif,0,0,fsk_770_809,0.02,demoplate_01--fsk_770_809--0.02--W0031--P001--T0004,C:\FIS\demo_dataset\03-images_renamed,demoplate_01,demoplate_01,001,P001--fsk_770_809--0.02,0004,0031,0031,W0031--fsk_770_809--0.02,7.0,423.0,1419.8746170000002,27.0
159,27,00,file:///C:/FIS/demo_dataset/03-images_renamed/demoplate_01/W0031--fsk_770_809--0.02/P001--fsk_770_809--0.02/demoplate_01--fsk_770_809--0.02--W0031--P001--T0004--C00.tif,0,0,fsk_770_809,0.02,demoplate_01--fsk_770_809--0.02--W0031--P001--T0004,C:\FIS\demo_dataset\03-images_renamed,demoplate_01,demoplate_01,001,P001--fsk_770_809--0.02,0004,0031,0031,W0031--fsk_770_809--0.02,122.0,424.0,3238.31053,29.0
159,28,00,file:///C:/FIS/demo_dataset/03-images_renamed/demoplate_01/W0031--fsk_770_809--0.02/P001--fsk_770_809--0.02/demoplate_01--fsk_770_809--0.02--W0031--P001--T0004--C00.tif,0,0,fsk_770_809,0.02,demoplate_01--fsk_770_809--0.02--W0031--P001--T0004,C:\FIS\demo_dataset\03-images_renamed,demoplate_01,demoplate_01,001,P001--fsk_770_809--0.02,0004,0031,0031,W0031--fsk_770_809--0.02,107.0,424.0,4957.106119,28.0
159,29,00,file:///C:/FIS/demo_dataset/03-images_renamed/demoplate_01/W0031--fsk_770_809--0.02/P001--fsk_770_809--0.02/demoplate_01--fsk_770_809--0.02--W0031--P001--T0004--C00.tif,0,0,fsk_770_809,0.02,demoplate_01--fsk_770_809--0.02--W0031--P001--T0004,C:\FIS\demo_dataset\03-images_renamed,demoplate_01,demoplate_01,001,P001--fsk_770_809--0.02,0004,0031,0031,W0031--fsk_770_809--0.02,147.0,428.0,1245.50405,30.0
159,30,00,file:///C:/FIS/demo_dataset/03-images_renamed/demoplate_01/W0031--fsk_770_809--0.02/P001--fsk_770_809--0.02/demoplate_01--fsk_770_809--0.02--W0031--P001--T0004--C00.tif,0,0,fsk_770_809,0.02,demoplate_01--fsk_770_809--0.02--W0031--P001--T0004,C:\FIS\demo_dataset\03-images_renamed,demoplate_01,demoplate_01,001,P001--fsk_770_809--0.02,0004,0031,0031,W0031--fsk_770_809--0.02,93.0,439.0,12504.860662000001,31.0
159,31,00,file:///C:/FIS/demo_dataset/03-images_renamed/demoplate_01/W0031--fsk_770_809--0.02/P001--fsk_770_809--0.02/demoplate_01--fsk_770_809--0.02--W0031--P001--T0004--C00.tif,0,0,fsk_770_809,0.02,demoplate_01--fsk_770_809--0.02--W0031--P001--T0004,C:\FIS\demo_dataset\03-images_renamed,demoplate_01,demoplate_01,001,P001--fsk_770_809--0.02,0004,0031,0031,W0031--fsk_770_809--0.02,148.0,444.0,1021.3133210000001,32.0
159,32,00,file:///C:/FIS/demo_dataset/03-images_renamed/demoplate_01/W0031--fsk_770_809--0.02/P001--fsk_770_809--0.02/demoplate_01--fsk_770_809--0.02--W0031--P001--T0004--C00.tif,0,0,fsk_770_809,0.02,demoplate_01--fsk_770_809--0.02--W0031--P001--T0004,C:\FIS\demo_dataset\03-images_renamed,demoplate_01,demoplate_01,001,P001--fsk_770_809--0.02,0004,0031,0031,W0031--fsk_770_809--0.02,33.0,472.0,1942.9863180000002,33.0
159,33,00,file:///C:/FIS/demo_dataset/03-images_renamed/demoplate_01/W0031--fsk_770_809--0.02/P001--fsk_770_809--0.02/demoplate_01--fsk_770_809--0.02--W0031--P001--T0004--C00.tif,0,0,fsk_770_809,0.02,demoplate_01--fsk_770_809--0.02--W0031--P001--T0004,C:\FIS\demo_dataset\03-images_renamed,demoplate_01,demoplate_01,001,P001--fsk_770_809--0.02,0004,0031,0031,W0031--fsk_770_809--0.02,108.0,511.0,1594.245184,34.0
160,1,00,file:///C:/FIS/demo_dataset/03-images_renamed/demoplate_01/W0031--fsk_770_809--0.02/P001--fsk_770_809--0.02/demoplate_01--fsk_770_809--0.02--W0031--P001--T0005--C00.tif,0,0,fsk_770_809,0.02,demoplate_01--fsk_770_809--0.02--W0031--P001--T0005,C:\FIS\demo_dataset\03-images_renamed,demoplate_01,demoplate_01,001,P001--fsk_770_809--0.02,0005,0031,0031,W0031--fsk_770_809--0.02,15.0,23.0,4757.825471,1.0
160,2,00,file:///C:/FIS/demo_dataset/03-images_renamed/demoplate_01/W0031--fsk_770_809--0.02/P001--fsk_770_809--0.02/demoplate_01--fsk_770_809--0.02--W0031--P001--T0005--C00.tif,0,0,fsk_770_809,0.02,demoplate_01--fsk_770_809--0.02--W0031--P001--T0005,C:\FIS\demo_dataset\03-images_renamed,demoplate_01,demoplate_01,001,P001--fsk_770_809--0.02,0005,0031,0031,W0031--fsk_770_809--0.02,157.0,103.0,12006.659042000001,2.0
160,3,00,file:///C:/FIS/demo_dataset/03-images_renamed/demoplate_01/W0031--fsk_770_809--0.02/P001--fsk_770_809--0.02/demoplate_01--fsk_770_809--0.02--W0031--P001--T0005--C00.tif,0,0,fsk_770_809,0.02,demoplate_01--fsk_770_809--0.02--W0031--P001--T0005,C:\FIS\demo_dataset\03-images_renamed,demoplate_01,demoplate_01,001,P001--fsk_770_809--0.02,0005,0031,0031,W0031--fsk_770_809--0.02,141.0,164.0,1843.345994,4.0
160,4,00,file:///C:/FIS/demo_dataset/03-images_renamed/demoplate_01/W0031--fsk_770_809--0.02/P001--fsk_770_809--0.02/demoplate_01--fsk_770_809--0.02--W0031--P001--T0005--C00.tif,0,0,fsk_770_809,0.02,demoplate_01--fsk_770_809--0.02--W0031--P001--T0005,C:\FIS\demo_dataset\03-images_renamed,demoplate_01,demoplate_01,001,P001--fsk_770_809--0.02,0005,0031,0031,W0031--fsk_770_809--0.02,220.0,161.0,6850.272275,3.0
160,5,00,file:///C:/FIS/demo_dataset/03-images_renamed/demoplate_01/W0031--fsk_770_809--0.02/P001--fsk_770_809--0.02/demoplate_01--fsk_770_809--0.02--W0031--P001--T0005--C00.tif,0,0,fsk_770_809,0.02,demoplate_01--fsk_770_809--0.02--W0031--P001--T0005,C:\FIS\demo_dataset\03-images_renamed,demoplate_01,demoplate_01,001,P001--fsk_770_809--0.02,0005,0031,0031,W0031--fsk_770_809--0.02,205.0,166.0,6277.3404120000005,5.0
160,6,00,file:///C:/FIS/demo_dataset/03-images_renamed/demoplate_01/W0031--fsk_770_809--0.02/P001--fsk_770_809--0.02/demoplate_01--fsk_770_809--0.02--W0031--P001--T0005--C00.tif,0,0,fsk_770_809,0.02,demoplate_01--fsk_770_809--0.02--W0031--P001--T0005,C:\FIS\demo_dataset\03-images_renamed,demoplate_01,demoplate_01,001,P001--fsk_770_809--0.02,0005,0031,0031,W0031--fsk_770_809--0.02,71.0,169.0,2765.0189910000004,8.0
160,7,00,file:///C:/FIS/demo_dataset/03-images_renamed/demoplate_01/W0031--fsk_770_809--0.02/P001--fsk_770_809--0.02/demoplate_01--fsk_770_809--0.02--W0031--P001--T0005--C00.tif,0,0,fsk_770_809,0.02,demoplate_01--fsk_770_809--0.02--W0031--P001--T0005,C:\FIS\demo_dataset\03-images_renamed,demoplate_01,demoplate_01,001,P001--fsk_770_809--0.02,0005,0031,0031,W0031--fsk_770_809--0.02,114.0,176.0,597.841944,7.0
160,8,00,file:///C:/FIS/demo_dataset/03-images_renamed/demoplate_01/W0031--fsk_770_809--0.02/P001--fsk_770_809--0.02/demoplate_01--fsk_770_809--0.02--W0031--P001--T0005--C00.tif,0,0,fsk_770_809,0.02,demoplate_01--fsk_770_809--0.02--W0031--P001--T0005,C:\FIS\demo_dataset\03-images_renamed,demoplate_01,demoplate_01,001,P001--fsk_770_809--0.02,0005,0031,0031,W0031--fsk_770_809--0.02,60.0,179.0,4608.364985,8.0
160,9,00,file:///C:/FIS/demo_dataset/03-images_renamed/demoplate_01/W0031--fsk_770_809--0.02/P001--fsk_770_809--0.02/demoplate_01--fsk_770_809--0.02--W0031--P001--T0005--C00.tif,0,0,fsk_770_809,0.02,demoplate_01--fsk_770_809--0.02--W0031--P001--T0005,C:\FIS\demo_dataset\03-images_renamed,demoplate_01,demoplate_01,001,P001--fsk_770_809--0.02,0005,0031,0031,W0031--fsk_770_809--0.02,127.0,180.0,6102.9698450000005,9.0
160,10,00,file:///C:/FIS/demo_dataset/03-images_renamed/demoplate_01/W0031--fsk_770_809--0.02/P001--fsk_770_809--0.02/demoplate_01--fsk_770_809--0.02--W0031--P001--T0005--C00.tif,0,0,fsk_770_809,0.02,demoplate_01--fsk_770_809--0.02--W0031--P001--T0005,C:\FIS\demo_dataset\03-images_renamed,demoplate_01,demoplate_01,001,P001--fsk_770_809--0.02,0005,0031,0031,W0031--fsk_770_809--0.02,78.0,189.0,4857.465795,10.0
160,11,00,file:///C:/FIS/demo_dataset/03-images_renamed/demoplate_01/W0031--fsk_770_809--0.02/P001--fsk_770_809--0.02/demoplate_01--fsk_770_809--0.02--W0031--P001--T0005--C00.tif,0,0,fsk_770_809,0.02,demoplate_01--fsk_770_809--0.02--W0031--P001--T0005,C:\FIS\demo_dataset\03-images_renamed,demoplate_01,demoplate_01,001,P001--fsk_770_809--0.02,0005,0031,0031,W0031--fsk_770_809--0.02,163.0,215.0,1071.133483,11.0
160,12,00,file:///C:/FIS/demo_dataset/03-images_renamed/demoplate_01/W0031--fsk_770_809--0.02/P001--fsk_770_809--0.02/demoplate_01--fsk_770_809--0.02--W0031--P001--T0005--C00.tif,0,0,fsk_770_809,0.02,demoplate_01--fsk_770_809--0.02--W0031--P001--T0005,C:\FIS\demo_dataset\03-images_renamed,demoplate_01,demoplate_01,001,P001--fsk_770_809--0.02,0005,0031,0031,W0031--fsk_770_809--0.02,16.0,219.0,2017.7165610000002,12.0
160,13,00,file:///C:/FIS/demo_dataset/03-images_renamed/demoplate_01/W0031--fsk_770_809--0.02/P001--fsk_770_809--0.02/demoplate_01--fsk_770_809--0.02--W0031--P001--T0005--C00.tif,0,0,fsk_770_809,0.02,demoplate_01--fsk_770_809--0.02--W0031--P001--T0005,C:\FIS\demo_dataset\03-images_renamed,demoplate_01,demoplate_01,001,P001--fsk_770_809--0.02,0005,0031,0031,W0031--fsk_770_809--0.02,194.0,227.0,1021.3133210000001,13.0
160,14,00,file:///C:/FIS/demo_dataset/03-images_renamed/demoplate_01/W0031--fsk_770_809--0.02/P001--fsk_770_809--0.02/demoplate_01--fsk_770_809--0.02--W0031--P001--T0005--C00.tif,0,0,fsk_770_809,0.02,demoplate_01--fsk_770_809--0.02--W0031--P001--T0005,C:\FIS\demo_dataset\03-images_renamed,demoplate_01,demoplate_01,001,P001--fsk_770_809--0.02,0005,0031,0031,W0031--fsk_770_809--0.02,113.0,234.0,16664.844189,15.0
160,15,00,file:///C:/FIS/demo_dataset/03-images_renamed/demoplate_01/W0031--fsk_770_809--0.02/P001--fsk_770_809--0.02/demoplate_01--fsk_770_809--0.02--W0031--P001--T0005--C00.tif,0,0,fsk_770_809,0.02,demoplate_01--fsk_770_809--0.02--W0031--P001--T0005,C:\FIS\demo_dataset\03-images_renamed,demoplate_01,demoplate_01,001,P001--fsk_770_809--0.02,0005,0031,0031,W0031--fsk_770_809--0.02,173.0,235.0,622.752025,16.0
160,16,00,file:///C:/FIS/demo_dataset/03-images_renamed/demoplate_01/W0031--fsk_770_809--0.02/P001--fsk_770_809--0.02/demoplate_01--fsk_770_809--0.02--W0031--P001--T0005--C00.tif,0,0,fsk_770_809,0.02,demoplate_01--fsk_770_809--0.02--W0031--P001--T0005,C:\FIS\demo_dataset\03-images_renamed,demoplate_01,demoplate_01,001,P001--fsk_770_809--0.02,0005,0031,0031,W0031--fsk_770_809--0.02,91.0,237.0,1096.043564,14.0
160,17,00,file:///C:/FIS/demo_dataset/03-images_renamed/demoplate_01/W0031--fsk_770_809--0.02/P001--fsk_770_809--0.02/demoplate_01--fsk_770_809--0.02--W0031--P001--T0005--C00.tif,0,0,fsk_770_809,0.02,demoplate_01--fsk_770_809--0.02--W0031--P001--T0005,C:\FIS\demo_dataset\03-images_renamed,demoplate_01,demoplate_01,001,P001--fsk_770_809--0.02,0005,0031,0031,W0031--fsk_770_809--0.02,74.0,244.0,12205.939690000001,17.0
160,18,00,file:///C:/FIS/demo_dataset/03-images_renamed/demoplate_01/W0031--fsk_770_809--0.02/P001--fsk_770_809--0.02/demoplate_01--fsk_770_809--0.02--W0031--P001--T0005--C00.tif,0,0,fsk_770_809,0.02,demoplate_01--fsk_770_809--0.02--W0031--P001--T0005,C:\FIS\demo_dataset\03-images_renamed,demoplate_01,demoplate_01,001,P001--fsk_770_809--0.02,0005,0031,0031,W0031--fsk_770_809--0.02,136.0,253.0,17636.337348,18.0
160,19,00,file:///C:/FIS/demo_dataset/03-images_renamed/demoplate_01/W0031--fsk_770_809--0.02/P001--fsk_770_809--0.02/demoplate_01--fsk_770_809--0.02--W0031--P001--T0005--C00.tif,0,0,fsk_770_809,0.02,demoplate_01--fsk_770_809--0.02--W0031--P001--T0005,C:\FIS\demo_dataset\03-images_renamed,demoplate_01,demoplate_01,001,P001--fsk_770_809--0.02,0005,0031,0031,W0031--fsk_770_809--0.02,105.0,263.0,1170.773807,19.0
160,20,00,file:///C:/FIS/demo_dataset/03-images_renamed/demoplate_01/W0031--fsk_770_809--0.02/P001--fsk_770_809--0.02/demoplate_01--fsk_770_809--0.02--W0031--P001--T0005--C00.tif,0,0,fsk_770_809,0.02,demoplate_01--fsk_770_809--0.02--W0031--P001--T0005,C:\FIS\demo_dataset\03-images_renamed,demoplate_01,demoplate_01,001,P001--fsk_770_809--0.02,0005,0031,0031,W0031--fsk_770_809--0.02,202.0,268.0,4359.264175,20.0
160,21,00,file:///C:/FIS/demo_dataset/03-images_renamed/demoplate_01/W0031--fsk_770_809--0.02/P001--fsk_770_809--0.02/demoplate_01--fsk_770_809--0.02--W0031--P001--T0005--C00.tif,0,0,fsk_770_809,0.02,demoplate_01--fsk_770_809--0.02--W0031--P001--T0005,C:\FIS\demo_dataset\03-images_renamed,demoplate_01,demoplate_01,001,P001--fsk_770_809--0.02,0005,0031,0031,W0031--fsk_770_809--0.02,96.0,331.0,2491.0081,21.0
160,22,00,file:///C:/FIS/demo_dataset/03-images_renamed/demoplate_01/W0031--fsk_770_809--0.02/P001--fsk_770_809--0.02/demoplate_01--fsk_770_809--0.02--W0031--P001--T0005--C00.tif,0,0,fsk_770_809,0.02,demoplate_01--fsk_770_809--0.02--W0031--P001--T0005,C:\FIS\demo_dataset\03-images_renamed,demoplate_01,demoplate_01,001,P001--fsk_770_809--0.02,0005,0031,0031,W0031--fsk_770_809--0.02,26.0,354.0,1519.5149410000001,22.0
160,23,00,file:///C:/FIS/demo_dataset/03-images_renamed/demoplate_01/W0031--fsk_770_809--0.02/P001--fsk_770_809--0.02/demoplate_01--fsk_770_809--0.02--W0031--P001--T0005--C00.tif,0,0,fsk_770_809,0.02,demoplate_01--fsk_770_809--0.02--W0031--P001--T0005,C:\FIS\demo_dataset\03-images_renamed,demoplate_01,demoplate_01,001,P001--fsk_770_809--0.02,0005,0031,0031,W0031--fsk_770_809--0.02,121.0,374.0,1295.324212,24.0
160,24,00,file:///C:/FIS/demo_dataset/03-images_renamed/demoplate_01/W0031--fsk_770_809--0.02/P001--fsk_770_809--0.02/demoplate_01--fsk_770_809--0.02--W0031--P001--T0005--C00.tif,0,0,fsk_770_809,0.02,demoplate_01--fsk_770_809--0.02--W0031--P001--T0005,C:\FIS\demo_dataset\03-images_renamed,demoplate_01,demoplate_01,001,P001--fsk_770_809--0.02,0005,0031,0031,W0031--fsk_770_809--0.02,91.0,375.0,9590.381185,23.0
160,25,00,file:///C:/FIS/demo_dataset/03-images_renamed/demoplate_01/W0031--fsk_770_809--0.02/P001--fsk_770_809--0.02/demoplate_01--fsk_770_809--0.02--W0031--P001--T0005--C00.tif,0,0,fsk_770_809,0.02,demoplate_01--fsk_770_809--0.02--W0031--P001--T0005,C:\FIS\demo_dataset\03-images_renamed,demoplate_01,demoplate_01,001,P001--fsk_770_809--0.02,0005,0031,0031,W0031--fsk_770_809--0.02,35.0,379.0,5280.937172,25.0
160,26,00,file:///C:/FIS/demo_dataset/03-images_renamed/demoplate_01/W0031--fsk_770_809--0.02/P001--fsk_770_809--0.02/demoplate_01--fsk_770_809--0.02--W0031--P001--T0005--C00.tif,0,0,fsk_770_809,0.02,demoplate_01--fsk_770_809--0.02--W0031--P001--T0005,C:\FIS\demo_dataset\03-images_renamed,demoplate_01,demoplate_01,001,P001--fsk_770_809--0.02,0005,0031,0031,W0031--fsk_770_809--0.02,47.0,405.0,3562.141583,26.0
160,27,00,file:///C:/FIS/demo_dataset/03-images_renamed/demoplate_01/W0031--fsk_770_809--0.02/P001--fsk_770_809--0.02/demoplate_01--fsk_770_809--0.02--W0031--P001--T0005--C00.tif,0,0,fsk_770_809,0.02,demoplate_01--fsk_770_809--0.02--W0031--P001--T0005,C:\FIS\demo_dataset\03-images_renamed,demoplate_01,demoplate_01,001,P001--fsk_770_809--0.02,0005,0031,0031,W0031--fsk_770_809--0.02,7.0,423.0,1370.0544550000002,27.0
160,28,00,file:///C:/FIS/demo_dataset/03-images_renamed/demoplate_01/W0031--fsk_770_809--0.02/P001--fsk_770_809--0.02/demoplate_01--fsk_770_809--0.02--W0031--P001--T0005--C00.tif,0,0,fsk_770_809,0.02,demoplate_01--fsk_770_809--0.02--W0031--P001--T0005,C:\FIS\demo_dataset\03-images_renamed,demoplate_01,demoplate_01,001,P001--fsk_770_809--0.02,0005,0031,0031,W0031--fsk_770_809--0.02,122.0,424.0,3288.130692,29.0
160,29,00,file:///C:/FIS/demo_dataset/03-images_renamed/demoplate_01/W0031--fsk_770_809--0.02/P001--fsk_770_809--0.02/demoplate_01--fsk_770_809--0.02--W0031--P001--T0005--C00.tif,0,0,fsk_770_809,0.02,demoplate_01--fsk_770_809--0.02--W0031--P001--T0005,C:\FIS\demo_dataset\03-images_renamed,demoplate_01,demoplate_01,001,P001--fsk_770_809--0.02,0005,0031,0031,W0031--fsk_770_809--0.02,107.0,425.0,5081.656524,28.0
160,30,00,file:///C:/FIS/demo_dataset/03-images_renamed/demoplate_01/W0031--fsk_770_809--0.02/P001--fsk_770_809--0.02/demoplate_01--fsk_770_809--0.02--W0031--P001--T0005--C00.tif,0,0,fsk_770_809,0.02,demoplate_01--fsk_770_809--0.02--W0031--P001--T0005,C:\FIS\demo_dataset\03-images_renamed,demoplate_01,demoplate_01,001,P001--fsk_770_809--0.02,0005,0031,0031,W0031--fsk_770_809--0.02,148.0,428.0,1245.50405,30.0
160,31,00,file:///C:/FIS/demo_dataset/03-images_renamed/demoplate_01/W0031--fsk_770_809--0.02/P001--fsk_770_809--0.02/demoplate_01--fsk_770_809--0.02--W0031--P001--T0005--C00.tif,0,0,fsk_770_809,0.02,demoplate_01--fsk_770_809--0.02--W0031--P001--T0005,C:\FIS\demo_dataset\03-images_renamed,demoplate_01,demoplate_01,001,P001--fsk_770_809--0.02,0005,0031,0031,W0031--fsk_770_809--0.02,92.0,439.0,12455.040500000001,31.0
160,32,00,file:///C:/FIS/demo_dataset/03-images_renamed/demoplate_01/W0031--fsk_770_809--0.02/P001--fsk_770_809--0.02/demoplate_01--fsk_770_809--0.02--W0031--P001--T0005--C00.tif,0,0,fsk_770_809,0.02,demoplate_01--fsk_770_809--0.02--W0031--P001--T0005,C:\FIS\demo_dataset\03-images_renamed,demoplate_01,demoplate_01,001,P001--fsk_770_809--0.02,0005,0031,0031,W0031--fsk_770_809--0.02,148.0,444.0,946.5830780000001,32.0
160,33,00,file:///C:/FIS/demo_dataset/03-images_renamed/demoplate_01/W0031--fsk_770_809--0.02/P001--fsk_770_809--0.02/demoplate_01--fsk_770_809--0.02--W0031--P001--T0005--C00.tif,0,0,fsk_770_809,0.02,demoplate_01--fsk_770_809--0.02--W0031--P001--T0005,C:\FIS\demo_dataset\03-images_renamed,demoplate_01,demoplate_01,001,P001--fsk_770_809--0.02,0005,0031,0031,W0031--fsk_770_809--0.02,33.0,472.0,1967.8963990000002,33.0
160,34,00,file:///C:/FIS/demo_dataset/03-images_renamed/demoplate_01/W0031--fsk_770_809--0.02/P001--fsk_770_809--0.02/demoplate_01--fsk_770_809--0.02--W0031--P001--T0005--C00.tif,0,0,fsk_770_809,0.02,demoplate_01--fsk_770_809--0.02--W0031--P001--T0005,C:\FIS\demo_dataset\03-images_renamed,demoplate_01,demoplate_01,001,P001--fsk_770_809--0.02,0005,0031,0031,W0031--fsk_770_809--0.02,108.0,510.0,1569.3351030000001,34.0
161,1,00,file:///C:/FIS/demo_dataset/03-images_renamed/demoplate_01/W0031--fsk_770_809--0.02/P001--fsk_770_809--0.02/demoplate_01--fsk_770_809--0.02--W0031--P001--T0006--C00.tif,0,0,fsk_770_809,0.02,demoplate_01--fsk_770_809--0.02--W0031--P001--T0006,C:\FIS\demo_dataset\03-images_renamed,demoplate_01,demoplate_01,001,P001--fsk_770_809--0.02,0006,0031,0031,W0031--fsk_770_809--0.02,15.0,23.0,4782.735552,1.0
161,2,00,file:///C:/FIS/demo_dataset/03-images_renamed/demoplate_01/W0031--fsk_770_809--0.02/P001--fsk_770_809--0.02/demoplate_01--fsk_770_809--0.02--W0031--P001--T0006--C00.tif,0,0,fsk_770_809,0.02,demoplate_01--fsk_770_809--0.02--W0031--P001--T0006,C:\FIS\demo_dataset\03-images_renamed,demoplate_01,demoplate_01,001,P001--fsk_770_809--0.02,0006,0031,0031,W0031--fsk_770_809--0.02,156.0,103.0,11956.838880000001,2.0
161,3,00,file:///C:/FIS/demo_dataset/03-images_renamed/demoplate_01/W0031--fsk_770_809--0.02/P001--fsk_770_809--0.02/demoplate_01--fsk_770_809--0.02--W0031--P001--T0006--C00.tif,0,0,fsk_770_809,0.02,demoplate_01--fsk_770_809--0.02--W0031--P001--T0006,C:\FIS\demo_dataset\03-images_renamed,demoplate_01,demoplate_01,001,P001--fsk_770_809--0.02,0006,0031,0031,W0031--fsk_770_809--0.02,220.0,161.0,6949.912599,3.0
161,4,00,file:///C:/FIS/demo_dataset/03-images_renamed/demoplate_01/W0031--fsk_770_809--0.02/P001--fsk_770_809--0.02/demoplate_01--fsk_770_809--0.02--W0031--P001--T0006--C00.tif,0,0,fsk_770_809,0.02,demoplate_01--fsk_770_809--0.02--W0031--P001--T0006,C:\FIS\demo_dataset\03-images_renamed,demoplate_01,demoplate_01,001,P001--fsk_770_809--0.02,0006,0031,0031,W0031--fsk_770_809--0.02,141.0,164.0,1818.435913,4.0
161,5,00,file:///C:/FIS/demo_dataset/03-images_renamed/demoplate_01/W0031--fsk_770_809--0.02/P001--fsk_770_809--0.02/demoplate_01--fsk_770_809--0.02--W0031--P001--T0006--C00.tif,0,0,fsk_770_809,0.02,demoplate_01--fsk_770_809--0.02--W0031--P001--T0006,C:\FIS\demo_dataset\03-images_renamed,demoplate_01,demoplate_01,001,P001--fsk_770_809--0.02,0006,0031,0031,W0031--fsk_770_809--0.02,205.0,166.0,6302.2504930000005,5.0
161,6,00,file:///C:/FIS/demo_dataset/03-images_renamed/demoplate_01/W0031--fsk_770_809--0.02/P001--fsk_770_809--0.02/demoplate_01--fsk_770_809--0.02--W0031--P001--T0006--C00.tif,0,0,fsk_770_809,0.02,demoplate_01--fsk_770_809--0.02--W0031--P001--T0006,C:\FIS\demo_dataset\03-images_renamed,demoplate_01,demoplate_01,001,P001--fsk_770_809--0.02,0006,0031,0031,W0031--fsk_770_809--0.02,114.0,176.0,622.752025,7.0
161,7,00,file:///C:/FIS/demo_dataset/03-images_renamed/demoplate_01/W0031--fsk_770_809--0.02/P001--fsk_770_809--0.02/demoplate_01--fsk_770_809--0.02--W0031--P001--T0006--C00.tif,0,0,fsk_770_809,0.02,demoplate_01--fsk_770_809--0.02--W0031--P001--T0006,C:\FIS\demo_dataset\03-images_renamed,demoplate_01,demoplate_01,001,P001--fsk_770_809--0.02,0006,0031,0031,W0031--fsk_770_809--0.02,61.0,178.0,7448.114219000001,8.0
161,8,00,file:///C:/FIS/demo_dataset/03-images_renamed/demoplate_01/W0031--fsk_770_809--0.02/P001--fsk_770_809--0.02/demoplate_01--fsk_770_809--0.02--W0031--P001--T0006--C00.tif,0,0,fsk_770_809,0.02,demoplate_01--fsk_770_809--0.02--W0031--P001--T0006,C:\FIS\demo_dataset\03-images_renamed,demoplate_01,demoplate_01,001,P001--fsk_770_809--0.02,0006,0031,0031,W0031--fsk_770_809--0.02,127.0,180.0,6078.0597640000005,9.0
161,9,00,file:///C:/FIS/demo_dataset/03-images_renamed/demoplate_01/W0031--fsk_770_809--0.02/P001--fsk_770_809--0.02/demoplate_01--fsk_770_809--0.02--W0031--P001--T0006--C00.tif,0,0,fsk_770_809,0.02,demoplate_01--fsk_770_809--0.02--W0031--P001--T0006,C:\FIS\demo_dataset\03-images_renamed,demoplate_01,demoplate_01,001,P001--fsk_770_809--0.02,0006,0031,0031,W0031--fsk_770_809--0.02,78.0,189.0,4807.645633,10.0
161,10,00,file:///C:/FIS/demo_dataset/03-images_renamed/demoplate_01/W0031--fsk_770_809--0.02/P001--fsk_770_809--0.02/demoplate_01--fsk_770_809--0.02--W0031--P001--T0006--C00.tif,0,0,fsk_770_809,0.02,demoplate_01--fsk_770_809--0.02--W0031--P001--T0006,C:\FIS\demo_dataset\03-images_renamed,demoplate_01,demoplate_01,001,P001--fsk_770_809--0.02,0006,0031,0031,W0031--fsk_770_809--0.02,163.0,215.0,1071.133483,11.0
161,11,00,file:///C:/FIS/demo_dataset/03-images_renamed/demoplate_01/W0031--fsk_770_809--0.02/P001--fsk_770_809--0.02/demoplate_01--fsk_770_809--0.02--W0031--P001--T0006--C00.tif,0,0,fsk_770_809,0.02,demoplate_01--fsk_770_809--0.02--W0031--P001--T0006,C:\FIS\demo_dataset\03-images_renamed,demoplate_01,demoplate_01,001,P001--fsk_770_809--0.02,0006,0031,0031,W0031--fsk_770_809--0.02,16.0,219.0,2067.536723,12.0
161,12,00,file:///C:/FIS/demo_dataset/03-images_renamed/demoplate_01/W0031--fsk_770_809--0.02/P001--fsk_770_809--0.02/demoplate_01--fsk_770_809--0.02--W0031--P001--T0006--C00.tif,0,0,fsk_770_809,0.02,demoplate_01--fsk_770_809--0.02--W0031--P001--T0006,C:\FIS\demo_dataset\03-images_renamed,demoplate_01,demoplate_01,001,P001--fsk_770_809--0.02,0006,0031,0031,W0031--fsk_770_809--0.02,195.0,228.0,1071.133483,13.0
161,13,00,file:///C:/FIS/demo_dataset/03-images_renamed/demoplate_01/W0031--fsk_770_809--0.02/P001--fsk_770_809--0.02/demoplate_01--fsk_770_809--0.02--W0031--P001--T0006--C00.tif,0,0,fsk_770_809,0.02,demoplate_01--fsk_770_809--0.02--W0031--P001--T0006,C:\FIS\demo_dataset\03-images_renamed,demoplate_01,demoplate_01,001,P001--fsk_770_809--0.02,0006,0031,0031,W0031--fsk_770_809--0.02,113.0,234.0,16789.394594,15.0
161,14,00,file:///C:/FIS/demo_dataset/03-images_renamed/demoplate_01/W0031--fsk_770_809--0.02/P001--fsk_770_809--0.02/demoplate_01--fsk_770_809--0.02--W0031--P001--T0006--C00.tif,0,0,fsk_770_809,0.02,demoplate_01--fsk_770_809--0.02--W0031--P001--T0006,C:\FIS\demo_dataset\03-images_renamed,demoplate_01,demoplate_01,001,P001--fsk_770_809--0.02,0006,0031,0031,W0031--fsk_770_809--0.02,91.0,235.0,971.4931590000001,14.0
161,15,00,file:///C:/FIS/demo_dataset/03-images_renamed/demoplate_01/W0031--fsk_770_809--0.02/P001--fsk_770_809--0.02/demoplate_01--fsk_770_809--0.02--W0031--P001--T0006--C00.tif,0,0,fsk_770_809,0.02,demoplate_01--fsk_770_809--0.02--W0031--P001--T0006,C:\FIS\demo_dataset\03-images_renamed,demoplate_01,demoplate_01,001,P001--fsk_770_809--0.02,0006,0031,0031,W0031--fsk_770_809--0.02,171.0,235.0,622.752025,16.0
161,16,00,file:///C:/FIS/demo_dataset/03-images_renamed/demoplate_01/W0031--fsk_770_809--0.02/P001--fsk_770_809--0.02/demoplate_01--fsk_770_809--0.02--W0031--P001--T0006--C00.tif,0,0,fsk_770_809,0.02,demoplate_01--fsk_770_809--0.02--W0031--P001--T0006,C:\FIS\demo_dataset\03-images_renamed,demoplate_01,demoplate_01,001,P001--fsk_770_809--0.02,0006,0031,0031,W0031--fsk_770_809--0.02,73.0,242.0,12280.669933000001,17.0
161,17,00,file:///C:/FIS/demo_dataset/03-images_renamed/demoplate_01/W0031--fsk_770_809--0.02/P001--fsk_770_809--0.02/demoplate_01--fsk_770_809--0.02--W0031--P001--T0006--C00.tif,0,0,fsk_770_809,0.02,demoplate_01--fsk_770_809--0.02--W0031--P001--T0006,C:\FIS\demo_dataset\03-images_renamed,demoplate_01,demoplate_01,001,P001--fsk_770_809--0.02,0006,0031,0031,W0031--fsk_770_809--0.02,137.0,253.0,17561.607105000003,18.0
161,18,00,file:///C:/FIS/demo_dataset/03-images_renamed/demoplate_01/W0031--fsk_770_809--0.02/P001--fsk_770_809--0.02/demoplate_01--fsk_770_809--0.02--W0031--P001--T0006--C00.tif,0,0,fsk_770_809,0.02,demoplate_01--fsk_770_809--0.02--W0031--P001--T0006,C:\FIS\demo_dataset\03-images_renamed,demoplate_01,demoplate_01,001,P001--fsk_770_809--0.02,0006,0031,0031,W0031--fsk_770_809--0.02,105.0,263.0,1170.773807,19.0
161,19,00,file:///C:/FIS/demo_dataset/03-images_renamed/demoplate_01/W0031--fsk_770_809--0.02/P001--fsk_770_809--0.02/demoplate_01--fsk_770_809--0.02--W0031--P001--T0006--C00.tif,0,0,fsk_770_809,0.02,demoplate_01--fsk_770_809--0.02--W0031--P001--T0006,C:\FIS\demo_dataset\03-images_renamed,demoplate_01,demoplate_01,001,P001--fsk_770_809--0.02,0006,0031,0031,W0031--fsk_770_809--0.02,202.0,268.0,4409.084337,20.0
161,20,00,file:///C:/FIS/demo_dataset/03-images_renamed/demoplate_01/W0031--fsk_770_809--0.02/P001--fsk_770_809--0.02/demoplate_01--fsk_770_809--0.02--W0031--P001--T0006--C00.tif,0,0,fsk_770_809,0.02,demoplate_01--fsk_770_809--0.02--W0031--P001--T0006,C:\FIS\demo_dataset\03-images_renamed,demoplate_01,demoplate_01,001,P001--fsk_770_809--0.02,0006,0031,0031,W0031--fsk_770_809--0.02,98.0,331.0,2441.187938,21.0
161,21,00,file:///C:/FIS/demo_dataset/03-images_renamed/demoplate_01/W0031--fsk_770_809--0.02/P001--fsk_770_809--0.02/demoplate_01--fsk_770_809--0.02--W0031--P001--T0006--C00.tif,0,0,fsk_770_809,0.02,demoplate_01--fsk_770_809--0.02--W0031--P001--T0006,C:\FIS\demo_dataset\03-images_renamed,demoplate_01,demoplate_01,001,P001--fsk_770_809--0.02,0006,0031,0031,W0031--fsk_770_809--0.02,27.0,354.0,1544.4250220000001,22.0
161,22,00,file:///C:/FIS/demo_dataset/03-images_renamed/demoplate_01/W0031--fsk_770_809--0.02/P001--fsk_770_809--0.02/demoplate_01--fsk_770_809--0.02--W0031--P001--T0006--C00.tif,0,0,fsk_770_809,0.02,demoplate_01--fsk_770_809--0.02--W0031--P001--T0006,C:\FIS\demo_dataset\03-images_renamed,demoplate_01,demoplate_01,001,P001--fsk_770_809--0.02,0006,0031,0031,W0031--fsk_770_809--0.02,121.0,374.0,1245.50405,24.0
161,23,00,file:///C:/FIS/demo_dataset/03-images_renamed/demoplate_01/W0031--fsk_770_809--0.02/P001--fsk_770_809--0.02/demoplate_01--fsk_770_809--0.02--W0031--P001--T0006--C00.tif,0,0,fsk_770_809,0.02,demoplate_01--fsk_770_809--0.02--W0031--P001--T0006,C:\FIS\demo_dataset\03-images_renamed,demoplate_01,demoplate_01,001,P001--fsk_770_809--0.02,0006,0031,0031,W0031--fsk_770_809--0.02,92.0,376.0,9615.291266,23.0
161,24,00,file:///C:/FIS/demo_dataset/03-images_renamed/demoplate_01/W0031--fsk_770_809--0.02/P001--fsk_770_809--0.02/demoplate_01--fsk_770_809--0.02--W0031--P001--T0006--C00.tif,0,0,fsk_770_809,0.02,demoplate_01--fsk_770_809--0.02--W0031--P001--T0006,C:\FIS\demo_dataset\03-images_renamed,demoplate_01,demoplate_01,001,P001--fsk_770_809--0.02,0006,0031,0031,W0031--fsk_770_809--0.02,34.0,379.0,5256.027091,25.0
161,25,00,file:///C:/FIS/demo_dataset/03-images_renamed/demoplate_01/W0031--fsk_770_809--0.02/P001--fsk_770_809--0.02/demoplate_01--fsk_770_809--0.02--W0031--P001--T0006--C00.tif,0,0,fsk_770_809,0.02,demoplate_01--fsk_770_809--0.02--W0031--P001--T0006,C:\FIS\demo_dataset\03-images_renamed,demoplate_01,demoplate_01,001,P001--fsk_770_809--0.02,0006,0031,0031,W0031--fsk_770_809--0.02,47.0,405.0,3437.591178,26.0
161,26,00,file:///C:/FIS/demo_dataset/03-images_renamed/demoplate_01/W0031--fsk_770_809--0.02/P001--fsk_770_809--0.02/demoplate_01--fsk_770_809--0.02--W0031--P001--T0006--C00.tif,0,0,fsk_770_809,0.02,demoplate_01--fsk_770_809--0.02--W0031--P001--T0006,C:\FIS\demo_dataset\03-images_renamed,demoplate_01,demoplate_01,001,P001--fsk_770_809--0.02,0006,0031,0031,W0031--fsk_770_809--0.02,7.0,423.0,1394.9645360000002,27.0
161,27,00,file:///C:/FIS/demo_dataset/03-images_renamed/demoplate_01/W0031--fsk_770_809--0.02/P001--fsk_770_809--0.02/demoplate_01--fsk_770_809--0.02--W0031--P001--T0006--C00.tif,0,0,fsk_770_809,0.02,demoplate_01--fsk_770_809--0.02--W0031--P001--T0006,C:\FIS\demo_dataset\03-images_renamed,demoplate_01,demoplate_01,001,P001--fsk_770_809--0.02,0006,0031,0031,W0031--fsk_770_809--0.02,122.0,424.0,3213.400449,29.0
161,28,00,file:///C:/FIS/demo_dataset/03-images_renamed/demoplate_01/W0031--fsk_770_809--0.02/P001--fsk_770_809--0.02/demoplate_01--fsk_770_809--0.02--W0031--P001--T0006--C00.tif,0,0,fsk_770_809,0.02,demoplate_01--fsk_770_809--0.02--W0031--P001--T0006,C:\FIS\demo_dataset\03-images_renamed,demoplate_01,demoplate_01,001,P001--fsk_770_809--0.02,0006,0031,0031,W0031--fsk_770_809--0.02,106.0,425.0,6102.9698450000005,28.0
161,29,00,file:///C:/FIS/demo_dataset/03-images_renamed/demoplate_01/W0031--fsk_770_809--0.02/P001--fsk_770_809--0.02/demoplate_01--fsk_770_809--0.02--W0031--P001--T0006--C00.tif,0,0,fsk_770_809,0.02,demoplate_01--fsk_770_809--0.02--W0031--P001--T0006,C:\FIS\demo_dataset\03-images_renamed,demoplate_01,demoplate_01,001,P001--fsk_770_809--0.02,0006,0031,0031,W0031--fsk_770_809--0.02,147.0,428.0,1245.50405,30.0
161,30,00,file:///C:/FIS/demo_dataset/03-images_renamed/demoplate_01/W0031--fsk_770_809--0.02/P001--fsk_770_809--0.02/demoplate_01--fsk_770_809--0.02--W0031--P001--T0006--C00.tif,0,0,fsk_770_809,0.02,demoplate_01--fsk_770_809--0.02--W0031--P001--T0006,C:\FIS\demo_dataset\03-images_renamed,demoplate_01,demoplate_01,001,P001--fsk_770_809--0.02,0006,0031,0031,W0031--fsk_770_809--0.02,91.0,439.0,11334.086855000001,31.0
161,31,00,file:///C:/FIS/demo_dataset/03-images_renamed/demoplate_01/W0031--fsk_770_809--0.02/P001--fsk_770_809--0.02/demoplate_01--fsk_770_809--0.02--W0031--P001--T0006--C00.tif,0,0,fsk_770_809,0.02,demoplate_01--fsk_770_809--0.02--W0031--P001--T0006,C:\FIS\demo_dataset\03-images_renamed,demoplate_01,demoplate_01,001,P001--fsk_770_809--0.02,0006,0031,0031,W0031--fsk_770_809--0.02,148.0,443.0,1046.223402,32.0
161,32,00,file:///C:/FIS/demo_dataset/03-images_renamed/demoplate_01/W0031--fsk_770_809--0.02/P001--fsk_770_809--0.02/demoplate_01--fsk_770_809--0.02--W0031--P001--T0006--C00.tif,0,0,fsk_770_809,0.02,demoplate_01--fsk_770_809--0.02--W0031--P001--T0006,C:\FIS\demo_dataset\03-images_renamed,demoplate_01,demoplate_01,001,P001--fsk_770_809--0.02,0006,0031,0031,W0031--fsk_770_809--0.02,34.0,471.0,1967.8963990000002,33.0
161,33,00,file:///C:/FIS/demo_dataset/03-images_renamed/demoplate_01/W0031--fsk_770_809--0.02/P001--fsk_770_809--0.02/demoplate_01--fsk_770_809--0.02--W0031--P001--T0006--C00.tif,0,0,fsk_770_809,0.02,demoplate_01--fsk_770_809--0.02--W0031--P001--T0006,C:\FIS\demo_dataset\03-images_renamed,demoplate_01,demoplate_01,001,P001--fsk_770_809--0.02,0006,0031,0031,W0031--fsk_770_809--0.02,108.0,510.0,1594.245184,34.0
